"inst","eid","pid","pmid","uptake","proj","exper","exper2","institute","country","submitter","file","first.row.in.file.int","last.row.in.file.int","row.in.file.plot","pub.id","pub.info","lat","long","topo","field","plot","plot.area","treat","rep","rep2","n.ints","t.start.p","t.end.p","dt1","dt.min","dt.max","ct.min","ct.max","meas.tech","meas.tech2","meas.tech.orig","meas.tech.det","j.NH31","j.rel1","e.1","e.4","e.6","e.12","e.24","e.48","e.72","e.96","e.168","e.final","e.cum.1","e.cum.4","e.cum.6","e.cum.12","e.cum.24","e.cum.48","e.cum.72","e.cum.96","e.cum.168","e.cum.final","e.rel.1","e.rel.4","e.rel.6","e.rel.12","e.rel.24","e.rel.48","e.rel.72","e.rel.96","e.rel.168","e.rel.final","clay","silt","sand","oc","soil.type","soil.type2","soil.water","soil.water.v","soil.moist","soil.ph","soil.dens","crop.res","till","air.temp.1","air.temp.4","air.temp.6","air.temp.12","air.temp.24","air.temp.48","air.temp.72","air.temp.96","air.temp.168","air.temp.mn","air.temp.z","soil.temp.1","soil.temp.4","soil.temp.6","soil.temp.12","soil.temp.24","soil.temp.48","soil.temp.72","soil.temp.96","soil.temp.168","soil.temp.mn","soil.temp.surf.1","soil.temp.surf.4","soil.temp.surf.6","soil.temp.surf.12","soil.temp.surf.24","soil.temp.surf.48","soil.temp.surf.72","soil.temp.surf.96","soil.temp.surf.168","soil.temp.surf.mn","soil.temp.z","rad.1","rad.4","rad.6","rad.12","rad.24","rad.48","rad.72","rad.96","rad.168","rad.mn","wind.1","wind.4","wind.6","wind.12","wind.24","wind.48","wind.72","wind.96","wind.168","wind.mn","wind.z","wind.2m.1","wind.2m.4","wind.2m.6","wind.2m.12","wind.2m.24","wind.2m.48","wind.2m.72","wind.2m.96","wind.2m.168","wind.2m.mn","wind.loc","rain.1","rain.4","rain.6","rain.12","rain.24","rain.48","rain.72","rain.96","rain.168","rain.tot","rain.rate.1","rain.rate.4","rain.rate.6","rain.rate.12","rain.rate.24","rain.rate.48","rain.rate.72","rain.rate.96","rain.rate.168","rain.rate.mn","rh.1","rh.4","rh.6","rh.12","rh.24","rh.48","rh.72","rh.96","rh.168","rh.mn","far.loc","man.source","man.source.orig","man.source.det","man.bed","man.con","man.trt1","man.trt2","man.trt3","man.stor","man.dm","man.vs","man.tkn","man.tan","man.vfa","man.tic","man.ua","man.ph","acid","date.start","app.start","app.start.orig","app.end","app.end.orig","app.method","app.method2","app.method.orig","app.rate","tan.app","incorp","incorp.orig","time.incorp","man.area","dist.inj","furrow.z","furrow.w","crop","crop.orig","crop.z","crop.area","lai","notes.plot","flag.plot","trial"
205,390,2281,2285,3,"MAG","23C",NA,"AU","DK","Pedersen, Johanna","../../data-submitted/03/AU/ALFAM2_template_7.0_MAGspring23_231117.xlsx",5,68,5,NA,NA,56.493,9.5613,"Flat","A","1 A",0.385,"A",1,NA,64,2023-04-12 14:45:00,2023-04-19 06:57:00,2.5167,2.5167,3.2167,2.5167,162.73,"Dynamic chamber","chamber","Dynamic chamber",NA,0.92785,0.016994,NA,3.323,4.4986,6.8626,9.7586,12.445,13.972,15.106,NA,16.547,NA,3.323,4.4986,6.8626,9.7586,12.445,13.972,15.106,NA,16.547,NA,0.060861,0.082393,0.12569,0.17873,0.22793,0.2559,0.27667,NA,0.30306,9,24,65,NA,NA,NA,0.19,NA,NA,5.3,1.14,"Yes","No",NA,9.2,8.1967,7.0965,6.8983,6.5386,7.1711,7.7568,8.229,8.229,2,NA,NA,NA,NA,NA,NA,NA,NA,NA,NA,NA,NA,NA,NA,NA,NA,NA,NA,NA,NA,NA,NA,NA,NA,NA,NA,NA,NA,NA,NA,NA,NA,1,1,1,1,1,1,1,1,1,NA,NA,NA,NA,NA,NA,NA,NA,NA,NA,NA,NA,NA,0,0,0,0,0,0,0,NA,0,NA,0,0,0,0,0,0,0,0,0,NA,NA,NA,NA,NA,NA,NA,NA,NA,NA,NA,"mix","Mix","mix of slurry co-digested with other agricultural residues",NA,"Slurry","None",NA,NA,NA,5.56,NA,2.68,1.56,NA,NA,NA,8.3,FALSE,2023-04-12,2023-04-12 14:45:00,1681310700,2023-04-19 09:29:00,1681896540,"bsth","bsth","Band spread or trailing hose",35,54.6,"none","None",NA,NA,NA,NA,NA,"cereal","Cereal",12,NA,NA,".",NA,"A"
205,390,2282,2286,3,"MAG","23C",NA,"AU","DK","Pedersen, Johanna","../../data-submitted/03/AU/ALFAM2_template_7.0_MAGspring23_231117.xlsx",69,132,6,NA,NA,56.493,9.5613,"Flat","A","10 A",0.385,"A",2,NA,64,2023-04-12 15:57:00,2023-04-19 08:09:00,2.5167,2.5167,3.2167,2.5167,162.73,"Dynamic chamber","chamber","Dynamic chamber",NA,1.4496,0.026549,NA,5.1046,6.8305,10.224,14.032,17.133,18.863,19.943,NA,21.149,NA,5.1046,6.8305,10.224,14.032,17.133,18.863,19.943,NA,21.149,NA,0.09349,0.1251,0.18726,0.25699,0.31379,0.34547,0.36525,NA,0.38734,9,24,65,NA,NA,NA,0.19,NA,NA,5.3,1.14,"Yes","No",NA,8.9,7.7462,6.8466,7.0208,6.7056,7.2931,7.841,8.2965,8.2965,2,NA,NA,NA,NA,NA,NA,NA,NA,NA,NA,NA,NA,NA,NA,NA,NA,NA,NA,NA,NA,NA,NA,NA,NA,NA,NA,NA,NA,NA,NA,NA,NA,1,1,1,1,1,1,1,1,1,NA,NA,NA,NA,NA,NA,NA,NA,NA,NA,NA,NA,NA,0,0,0,0,0,0,0,NA,0,NA,0,0,0,0,0,0,0,0,0,NA,NA,NA,NA,NA,NA,NA,NA,NA,NA,NA,"mix","Mix","mix of slurry co-digested with other agricultural residues",NA,"Slurry","None",NA,NA,NA,5.56,NA,2.68,1.56,NA,NA,NA,8.3,FALSE,2023-04-12,2023-04-12 15:57:00,1681315020,2023-04-19 10:41:00,1681900860,"bsth","bsth","Band spread or trailing hose",35,54.6,"none","None",NA,NA,NA,NA,NA,"cereal","Cereal",12,NA,NA,NA,NA,"A"
205,390,2283,2287,3,"MAG","23C",NA,"AU","DK","Pedersen, Johanna","../../data-submitted/03/AU/ALFAM2_template_7.0_MAGspring23_231117.xlsx",133,196,18,NA,NA,56.493,9.5613,"Flat","A","11 A sep",0.385,"A sep",2,NA,64,2023-04-12 16:05:00,2023-04-19 08:17:00,2.5167,2.5167,3.2167,2.5167,162.73,"Dynamic chamber","chamber","Dynamic chamber",NA,0.087005,0.0016684,NA,0.30871,0.41211,0.60211,0.86307,0.9926,0.97804,0.8756,NA,0.31262,NA,0.30871,0.41211,0.60211,0.86307,0.9926,0.97804,0.8756,NA,0.31262,NA,0.0059196,0.0079025,0.011546,0.01655,0.019034,0.018754,0.01679,NA,0.0059947,9,24,65,NA,NA,NA,0.19,NA,NA,5.3,1.14,"Yes","No",NA,8.9,7.5455,6.7465,6.9764,6.7834,7.3427,7.8542,8.2698,8.2698,2,NA,NA,NA,NA,NA,NA,NA,NA,NA,NA,NA,NA,NA,NA,NA,NA,NA,NA,NA,NA,NA,NA,NA,NA,NA,NA,NA,NA,NA,NA,NA,NA,1,1,1,1,1,1,1,1,1,NA,NA,NA,NA,NA,NA,NA,NA,NA,NA,NA,NA,NA,0,0,0,0,0,0,0,NA,0,NA,0,0,0,0,0,0,0,0,0,NA,NA,NA,NA,NA,NA,NA,NA,NA,NA,NA,"mix","Mix","mix of slurry co-digested with other agricultural residues",NA,"Slurry","Mechanical separation",NA,NA,NA,3.19,NA,2.89,1.49,NA,NA,NA,7.8,FALSE,2023-04-12,2023-04-12 16:05:00,1681315500,2023-04-19 10:49:00,1681901340,"bsth","bsth","Band spread or trailing hose",35,52.15,"none","None",NA,NA,NA,NA,NA,"cereal","Cereal",12,NA,NA,NA,NA,"A"
205,390,2284,2288,3,"MAG","23C",NA,"AU","DK","Pedersen, Johanna","../../data-submitted/03/AU/ALFAM2_template_7.0_MAGspring23_231117.xlsx",197,260,12,NA,NA,56.493,9.5613,"Flat","A","12 A dis",0.385,"A dis",2,NA,64,2023-04-12 16:13:00,2023-04-19 08:25:00,2.5167,2.5167,3.2167,2.5167,162.73,"Dynamic chamber","chamber","Dynamic chamber",NA,0.88932,0.017524,NA,3.2039,4.3733,6.8729,10.296,13.634,15.795,17.463,NA,20.506,NA,3.2039,4.3733,6.8729,10.296,13.634,15.795,17.463,NA,20.506,NA,0.063132,0.086173,0.13543,0.20288,0.26865,0.31123,0.34411,NA,0.40405,9,24,65,NA,NA,NA,0.19,NA,NA,5.3,1.14,"Yes","No",NA,8.9,7.5455,6.7465,6.9764,6.7668,7.382,7.884,8.3057,8.3057,2,NA,NA,NA,NA,NA,NA,NA,NA,NA,NA,NA,NA,NA,NA,NA,NA,NA,NA,NA,NA,NA,NA,NA,NA,NA,NA,NA,NA,NA,NA,NA,NA,1,1,1,1,1,1,1,1,1,NA,NA,NA,NA,NA,NA,NA,NA,NA,NA,NA,NA,NA,0,0,0,0,0,0,0,NA,0,NA,0,0,0,0,0,0,0,0,0,NA,NA,NA,NA,NA,NA,NA,NA,NA,NA,NA,"mix","Mix","mix of slurry co-digested with other agricultural residues",NA,"Slurry","Disruption",NA,NA,NA,5.33,NA,3.14,1.45,NA,NA,NA,8.1,FALSE,2023-04-12,2023-04-12 16:13:00,1681315980,2023-04-19 10:57:00,1681901820,"bsth","bsth","Band spread or trailing hose",35,50.75,"none","None",NA,NA,NA,NA,NA,"cereal","Cereal",12,NA,NA,NA,NA,"A"
205,390,2285,2289,3,"MAG","23C",NA,"AU","DK","Pedersen, Johanna","../../data-submitted/03/AU/ALFAM2_template_7.0_MAGspring23_231117.xlsx",261,324,10,NA,NA,56.493,9.5613,"Flat","A","13 A dis acid",0.385,"A dis acid",3,NA,64,2023-04-12 16:21:00,2023-04-19 08:33:00,2.5167,2.5167,3.2167,2.5167,162.73,"Dynamic chamber","chamber","Dynamic chamber",NA,0.64713,0.011484,NA,2.4318,3.4165,5.5576,8.5243,11.864,13.978,15.743,NA,19.272,NA,2.4318,3.4165,5.5576,8.5243,11.864,13.978,15.743,NA,19.272,NA,0.043156,0.060631,0.098626,0.15127,0.21054,0.24806,0.27937,NA,0.34201,9,24,65,NA,NA,NA,0.19,NA,NA,5.3,1.14,"Yes","No",NA,8.9,7.5455,6.7465,6.9986,6.7779,7.3823,7.9031,8.3587,8.3587,2,NA,NA,NA,NA,NA,NA,NA,NA,NA,NA,NA,NA,NA,NA,NA,NA,NA,NA,NA,NA,NA,NA,NA,NA,NA,NA,NA,NA,NA,NA,NA,NA,1,1,1,1,1,1,1,1,1,NA,NA,NA,NA,NA,NA,NA,NA,NA,NA,NA,NA,NA,0,0,0,0,0,0,0,NA,0,NA,0,0,0,0,0,0,0,0,0,NA,NA,NA,NA,NA,NA,NA,NA,NA,NA,NA,"mix","Mix","mix of slurry co-digested with other agricultural residues",NA,"Slurry","Disruption","Acidification",NA,NA,5.46,NA,2.8,1.61,NA,NA,NA,6.5,TRUE,2023-04-12,2023-04-12 16:21:00,1681316460,2023-04-19 11:05:00,1681902300,"bsth","bsth","Band spread or trailing hose",35,56.35,"none","None",NA,NA,NA,NA,NA,"cereal","Cereal",12,NA,NA,NA,NA,"A"
205,390,2286,2290,3,"MAG","23C",NA,"AU","DK","Pedersen, Johanna","../../data-submitted/03/AU/ALFAM2_template_7.0_MAGspring23_231117.xlsx",325,388,16,NA,NA,56.493,9.5613,"Flat","A","14 A sep acid",0.385,"A sep acid",3,NA,64,2023-04-12 16:29:00,2023-04-19 08:41:00,2.5167,2.5167,3.2167,2.5167,162.73,"Dynamic chamber","chamber","Dynamic chamber",NA,0.088942,0.0016609,NA,0.35096,0.51427,0.93773,1.7146,2.5294,2.963,3.2976,NA,3.6715,NA,0.35096,0.51427,0.93773,1.7146,2.5294,2.963,3.2976,NA,3.6715,NA,0.0065539,0.0096036,0.017511,0.032018,0.047235,0.055331,0.061581,NA,0.068562,9,24,65,NA,NA,NA,0.19,NA,NA,5.3,1.14,"Yes","No",NA,8.9,7.5455,6.7214,6.9986,6.8112,7.3573,7.8977,8.3167,8.3167,2,NA,NA,NA,NA,NA,NA,NA,NA,NA,NA,NA,NA,NA,NA,NA,NA,NA,NA,NA,NA,NA,NA,NA,NA,NA,NA,NA,NA,NA,NA,NA,NA,1,1,1,1,1,1,1,1,1,NA,NA,NA,NA,NA,NA,NA,NA,NA,NA,NA,NA,NA,0,0,0,0,0,0,0,NA,0,NA,0,0,0,0,0,0,0,0,0,NA,NA,NA,NA,NA,NA,NA,NA,NA,NA,NA,"mix","Mix","mix of slurry co-digested with other agricultural residues",NA,"Slurry","Mechanical separation","Acidification",NA,NA,3.29,NA,2.59,1.53,NA,NA,NA,6.5,TRUE,2023-04-12,2023-04-12 16:29:00,1681316940,2023-04-19 11:13:00,1681902780,"bsth","bsth","Band spread or trailing hose",35,53.55,"none","None",NA,NA,NA,NA,NA,"cereal","Cereal",12,NA,NA,NA,NA,"A"
205,390,2287,2291,3,"MAG","23C",NA,"AU","DK","Pedersen, Johanna","../../data-submitted/03/AU/ALFAM2_template_7.0_MAGspring23_231117.xlsx",389,452,19,NA,NA,56.493,9.5613,"Flat","A","15 A sep",0.385,"A sep",3,NA,64,2023-04-12 16:37:00,2023-04-19 08:49:00,2.5167,2.5167,3.2167,2.5167,162.73,"Dynamic chamber","chamber","Dynamic chamber",NA,0.081851,0.0015695,NA,0.30777,0.42868,0.68694,1.2118,1.7166,2.0006,2.3051,NA,2.7129,NA,0.30777,0.42868,0.68694,1.2118,1.7166,2.0006,2.3051,NA,2.7129,NA,0.0059017,0.0082202,0.013172,0.023236,0.032916,0.038362,0.044201,NA,0.052021,9,24,65,NA,NA,NA,0.19,NA,NA,5.3,1.14,"Yes","No",NA,7.2,6.6983,6.2985,6.8108,6.7562,7.3219,7.8466,8.281,8.281,2,NA,NA,NA,NA,NA,NA,NA,NA,NA,NA,NA,NA,NA,NA,NA,NA,NA,NA,NA,NA,NA,NA,NA,NA,NA,NA,NA,NA,NA,NA,NA,NA,1,1,1,1,1,1,1,1,1,NA,NA,NA,NA,NA,NA,NA,NA,NA,NA,NA,NA,NA,0,0,0,0,0,0,0,NA,0,NA,0,0,0,0,0,0,0,0,0,NA,NA,NA,NA,NA,NA,NA,NA,NA,NA,NA,"mix","Mix","mix of slurry co-digested with other agricultural residues",NA,"Slurry","Mechanical separation",NA,NA,NA,3.19,NA,2.89,1.49,NA,NA,NA,7.8,FALSE,2023-04-12,2023-04-12 16:37:00,1681317420,2023-04-19 11:21:00,1681903260,"bsth","bsth","Band spread or trailing hose",35,52.15,"none","None",NA,NA,NA,NA,NA,"cereal","Cereal",12,NA,NA,NA,NA,"A"
205,390,2288,2292,3,"MAG","23C",NA,"AU","DK","Pedersen, Johanna","../../data-submitted/03/AU/ALFAM2_template_7.0_MAGspring23_231117.xlsx",453,516,13,NA,NA,56.493,9.5613,"Flat","A","17 A dis",0.385,"A dis",3,NA,64,2023-04-12 16:53:00,2023-04-19 09:05:00,2.5167,2.5167,3.2167,2.5167,162.73,"Dynamic chamber","chamber","Dynamic chamber",NA,0.82245,0.016206,NA,3.0237,4.1748,6.6141,9.4288,12.064,13.724,14.806,NA,15.904,NA,3.0237,4.1748,6.6141,9.4288,12.064,13.724,14.806,NA,15.904,NA,0.05958,0.082262,0.13033,0.18579,0.23772,0.27042,0.29175,NA,0.31338,9,24,65,NA,NA,NA,0.19,NA,NA,5.3,1.14,"Yes","No",NA,7.2,6.6983,6.2985,6.8442,6.7004,7.2967,7.8438,8.3319,8.3319,2,NA,NA,NA,NA,NA,NA,NA,NA,NA,NA,NA,NA,NA,NA,NA,NA,NA,NA,NA,NA,NA,NA,NA,NA,NA,NA,NA,NA,NA,NA,NA,NA,1,1,1,1,1,1,1,1,1,NA,NA,NA,NA,NA,NA,NA,NA,NA,NA,NA,NA,NA,0,0,0,0,0,0,0,NA,0,NA,0,0,0,0,0,0,0,0,0,NA,NA,NA,NA,NA,NA,NA,NA,NA,NA,NA,"mix","Mix","mix of slurry co-digested with other agricultural residues",NA,"Slurry","Disruption",NA,NA,NA,5.33,NA,3.14,1.45,NA,NA,NA,8.1,FALSE,2023-04-12,2023-04-12 16:53:00,1681318380,2023-04-19 11:37:00,1681904220,"bsth","bsth","Band spread or trailing hose",35,50.75,"none","None",NA,NA,NA,NA,NA,"cereal","Cereal",12,NA,NA,NA,NA,"A"
205,390,2289,2293,3,"MAG","23C",NA,"AU","DK","Pedersen, Johanna","../../data-submitted/03/AU/ALFAM2_template_7.0_MAGspring23_231117.xlsx",517,579,7,NA,NA,56.493,9.5613,"Flat","A","18 A",0.385,"A",3,NA,63,2023-04-12 17:01:00,2023-04-19 06:41:00,2.5167,2.5167,3.2167,2.5167,160.2,"Dynamic chamber","chamber","Dynamic chamber",NA,0.92118,0.016871,NA,3.437,4.7991,7.7407,11.456,14.687,16.752,18.138,NA,20.188,NA,3.437,4.7991,7.7407,11.456,14.687,16.752,18.138,NA,20.188,NA,0.062948,0.087895,0.14177,0.20982,0.26899,0.30682,0.33219,NA,0.36975,9,24,65,NA,NA,NA,0.19,NA,NA,5.3,1.14,"Yes","No",NA,7.2,6.6482,6.2985,6.8442,6.7671,7.3217,7.8438,8.255,8.255,2,NA,NA,NA,NA,NA,NA,NA,NA,NA,NA,NA,NA,NA,NA,NA,NA,NA,NA,NA,NA,NA,NA,NA,NA,NA,NA,NA,NA,NA,NA,NA,NA,1,1,1,1,1,1,1,1,1,NA,NA,NA,NA,NA,NA,NA,NA,NA,NA,NA,NA,NA,0,0,0,0,0,0,0,NA,0,NA,0,0,0,0,0,0,0,0,0,NA,NA,NA,NA,NA,NA,NA,NA,NA,NA,NA,"mix","Mix","mix of slurry co-digested with other agricultural residues",NA,"Slurry","None",NA,NA,NA,5.56,NA,2.68,1.56,NA,NA,NA,8.3,FALSE,2023-04-12,2023-04-12 17:01:00,1681318860,2023-04-19 09:13:00,1681895580,"bsth","bsth","Band spread or trailing hose",35,54.6,"none","None",NA,NA,NA,NA,NA,"cereal","Cereal",12,NA,NA,NA,NA,"A"
205,390,2290,2294,3,"MAG","23C",NA,"AU","DK","Pedersen, Johanna","../../data-submitted/03/AU/ALFAM2_template_7.0_MAGspring23_231117.xlsx",580,644,8,NA,NA,56.493,9.5613,"Flat","A","2 A dis acid",0.385,"A dis acid",1,NA,65,2023-04-12 14:53:00,2023-04-19 07:05:00,2.5167,0.8,2.5333,2.5167,162.73,"Dynamic chamber","chamber","Dynamic chamber",NA,0.77564,0.013765,NA,2.6553,3.4674,4.981,7.2193,9.4123,10.683,11.492,NA,12.474,NA,2.6553,3.4674,4.981,7.2193,9.4123,10.683,11.492,NA,12.474,NA,0.047122,0.061533,0.088393,0.12812,0.16703,0.18959,0.20393,NA,0.22137,9,24,65,NA,NA,NA,0.19,NA,NA,5.3,1.14,"Yes","No",NA,9.2,8.1967,7.0965,7.0206,6.5997,7.2068,7.7947,8.3106,8.3106,2,NA,NA,NA,NA,NA,NA,NA,NA,NA,NA,NA,NA,NA,NA,NA,NA,NA,NA,NA,NA,NA,NA,NA,NA,NA,NA,NA,NA,NA,NA,NA,NA,1,1,1,1,1,1,1,1,1,NA,NA,NA,NA,NA,NA,NA,NA,NA,NA,NA,NA,NA,0,0,0,0,0,0,0,NA,0,NA,0,0,0,0,0,0,0,0,0,NA,NA,NA,NA,NA,NA,NA,NA,NA,NA,NA,"mix","Mix","mix of slurry co-digested with other agricultural residues",NA,"Slurry","Disruption","Acidification",NA,NA,5.46,NA,2.8,1.61,NA,NA,NA,6.5,TRUE,2023-04-12,2023-04-12 14:53:00,1681311180,2023-04-19 09:37:00,1681897020,"bsth","bsth","Band spread or trailing hose",35,56.35,"none","None",NA,NA,NA,NA,NA,"cereal","Cereal",12,NA,NA,NA,NA,"A"
205,390,2291,2295,3,"MAG","23C",NA,"AU","DK","Pedersen, Johanna","../../data-submitted/03/AU/ALFAM2_template_7.0_MAGspring23_231117.xlsx",645,708,11,NA,NA,56.493,9.5613,"Flat","A","3 A dis",0.385,"A dis",1,NA,64,2023-04-12 15:01:00,2023-04-19 07:13:00,2.5167,2.5167,3.2167,2.5167,162.73,"Dynamic chamber","chamber","Dynamic chamber",NA,1.1395,0.022453,NA,3.9667,5.2373,7.6163,10.786,13.83,15.624,16.861,NA,18.824,NA,3.9667,5.2373,7.6163,10.786,13.83,15.624,16.861,NA,18.824,NA,0.078162,0.1032,0.15008,0.21254,0.27252,0.30787,0.33223,NA,0.37092,9,24,65,NA,NA,NA,0.19,NA,NA,5.3,1.14,"Yes","No",NA,9.2,7.8957,6.9713,6.965,6.672,7.2569,7.8244,8.26,8.26,2,NA,NA,NA,NA,NA,NA,NA,NA,NA,NA,NA,NA,NA,NA,NA,NA,NA,NA,NA,NA,NA,NA,NA,NA,NA,NA,NA,NA,NA,NA,NA,NA,1,1,1,1,1,1,1,1,1,NA,NA,NA,NA,NA,NA,NA,NA,NA,NA,NA,NA,NA,0,0,0,0,0,0,0,NA,0,NA,0,0,0,0,0,0,0,0,0,NA,NA,NA,NA,NA,NA,NA,NA,NA,NA,NA,"mix","Mix","mix of slurry co-digested with other agricultural residues",NA,"Slurry","Disruption",NA,NA,NA,5.33,NA,3.14,1.45,NA,NA,NA,8.1,FALSE,2023-04-12,2023-04-12 15:01:00,1681311660,2023-04-19 09:45:00,1681897500,"bsth","bsth","Band spread or trailing hose",35,50.75,"none","None",NA,NA,NA,NA,NA,"cereal","Cereal",12,NA,NA,NA,NA,"A"
205,390,2292,2296,3,"MAG","23C",NA,"AU","DK","Pedersen, Johanna","../../data-submitted/03/AU/ALFAM2_template_7.0_MAGspring23_231117.xlsx",709,772,14,NA,NA,56.493,9.5613,"Flat","A","4 A sep acid",0.385,"A sep acid",1,NA,64,2023-04-12 15:09:00,2023-04-19 07:21:00,2.5167,2.5167,3.2167,2.5167,162.73,"Dynamic chamber","chamber","Dynamic chamber",NA,0.12209,0.00228,NA,0.38711,0.47804,0.65369,1.0777,1.3308,1.4714,1.5669,NA,1.5853,NA,0.38711,0.47804,0.65369,1.0777,1.3308,1.4714,1.5669,NA,1.5853,NA,0.007229,0.008927,0.012207,0.020124,0.024852,0.027476,0.02926,NA,0.029604,9,24,65,NA,NA,NA,0.19,NA,NA,5.3,1.14,"Yes","No",NA,9.2,7.8957,6.9713,6.965,6.672,7.3069,7.8596,8.3207,8.3207,2,NA,NA,NA,NA,NA,NA,NA,NA,NA,NA,NA,NA,NA,NA,NA,NA,NA,NA,NA,NA,NA,NA,NA,NA,NA,NA,NA,NA,NA,NA,NA,NA,1,1,1,1,1,1,1,1,1,NA,NA,NA,NA,NA,NA,NA,NA,NA,NA,NA,NA,NA,0,0,0,0,0,0,0,NA,0,NA,0,0,0,0,0,0,0,0,0,NA,NA,NA,NA,NA,NA,NA,NA,NA,NA,NA,"mix","Mix","mix of slurry co-digested with other agricultural residues",NA,"Slurry","Mechanical separation","Acidification",NA,NA,3.29,NA,2.59,1.53,NA,NA,NA,6.5,TRUE,2023-04-12,2023-04-12 15:09:00,1681312140,2023-04-19 09:53:00,1681897980,"bsth","bsth","Band spread or trailing hose",35,53.55,"none","None",NA,NA,NA,NA,NA,"cereal","Cereal",12,NA,NA,NA,NA,"A"
205,390,2293,2297,3,"MAG","23C",NA,"AU","DK","Pedersen, Johanna","../../data-submitted/03/AU/ALFAM2_template_7.0_MAGspring23_231117.xlsx",773,836,17,NA,NA,56.493,9.5613,"Flat","A","6 A sep",0.385,"A sep",1,NA,64,2023-04-12 15:25:00,2023-04-19 07:37:00,2.5167,2.5167,3.2167,2.5167,162.73,"Dynamic chamber","chamber","Dynamic chamber",NA,0.1664,0.0031909,NA,0.52861,0.6596,0.92965,1.4268,1.8492,2.1015,2.2877,NA,2.4742,NA,0.52861,0.6596,0.92965,1.4268,1.8492,2.1015,2.2877,NA,2.4742,NA,0.010136,0.012648,0.017826,0.02736,0.035459,0.040296,0.043867,NA,0.047444,9,24,65,NA,NA,NA,0.19,NA,NA,5.3,1.14,"Yes","No",NA,9.2,7.8957,6.9713,7.0206,6.6887,7.2712,7.8488,8.3238,8.3238,2,NA,NA,NA,NA,NA,NA,NA,NA,NA,NA,NA,NA,NA,NA,NA,NA,NA,NA,NA,NA,NA,NA,NA,NA,NA,NA,NA,NA,NA,NA,NA,NA,1,1,1,1,1,1,1,1,1,NA,NA,NA,NA,NA,NA,NA,NA,NA,NA,NA,NA,NA,0,0,0,0,0,0,0,NA,0,NA,0,0,0,0,0,0,0,0,0,NA,NA,NA,NA,NA,NA,NA,NA,NA,NA,NA,"mix","Mix","mix of slurry co-digested with other agricultural residues",NA,"Slurry","Mechanical separation",NA,NA,NA,3.19,NA,2.89,1.49,NA,NA,NA,7.8,FALSE,2023-04-12,2023-04-12 15:25:00,1681313100,2023-04-19 10:09:00,1681898940,"bsth","bsth","Band spread or trailing hose",35,52.15,"none","None",NA,NA,NA,NA,NA,"cereal","Cereal",12,NA,NA,NA,NA,"A"
205,390,2294,2298,3,"MAG","23C",NA,"AU","DK","Pedersen, Johanna","../../data-submitted/03/AU/ALFAM2_template_7.0_MAGspring23_231117.xlsx",837,900,15,NA,NA,56.493,9.5613,"Flat","A","7 A sep acid",0.385,"A sep acid",2,NA,64,2023-04-12 15:33:00,2023-04-19 07:45:00,2.5167,2.5167,3.2167,2.5167,162.73,"Dynamic chamber","chamber","Dynamic chamber",NA,0.11348,0.0021191,NA,0.3688,0.4674,0.67358,1.0602,1.3084,1.3903,1.3878,NA,1.1962,NA,0.3688,0.4674,0.67358,1.0602,1.3084,1.3903,1.3878,NA,1.1962,NA,0.0068871,0.0087282,0.012578,0.019799,0.024434,0.025962,0.025915,NA,0.022339,9,24,65,NA,NA,NA,0.19,NA,NA,5.3,1.14,"Yes","No",NA,8.9,7.7462,6.8717,6.9764,6.6999,7.2784,7.8218,8.2694,8.2694,2,NA,NA,NA,NA,NA,NA,NA,NA,NA,NA,NA,NA,NA,NA,NA,NA,NA,NA,NA,NA,NA,NA,NA,NA,NA,NA,NA,NA,NA,NA,NA,NA,1,1,1,1,1,1,1,1,1,NA,NA,NA,NA,NA,NA,NA,NA,NA,NA,NA,NA,NA,0,0,0,0,0,0,0,NA,0,NA,0,0,0,0,0,0,0,0,0,NA,NA,NA,NA,NA,NA,NA,NA,NA,NA,NA,"mix","Mix","mix of slurry co-digested with other agricultural residues",NA,"Slurry","Mechanical separation","Acidification",NA,NA,3.29,NA,2.59,1.53,NA,NA,NA,6.5,TRUE,2023-04-12,2023-04-12 15:33:00,1681313580,2023-04-19 10:17:00,1681899420,"bsth","bsth","Band spread or trailing hose",35,53.55,"none","None",NA,NA,NA,NA,NA,"cereal","Cereal",12,NA,NA,NA,NA,"A"
205,390,2295,2299,3,"MAG","23C",NA,"AU","DK","Pedersen, Johanna","../../data-submitted/03/AU/ALFAM2_template_7.0_MAGspring23_231117.xlsx",901,964,9,NA,NA,56.493,9.5613,"Flat","A","8 A dis acid",0.385,"A dis acid",2,NA,64,2023-04-12 15:41:00,2023-04-19 07:53:00,2.5167,2.5167,3.2167,2.5167,162.73,"Dynamic chamber","chamber","Dynamic chamber",NA,0.9131,0.016204,NA,3.2302,4.3189,6.422,9.1164,11.948,13.721,15.068,NA,17.567,NA,3.2302,4.3189,6.422,9.1164,11.948,13.721,15.068,NA,17.567,NA,0.057324,0.076644,0.11397,0.16178,0.21203,0.2435,0.26739,NA,0.31175,9,24,65,NA,NA,NA,0.19,NA,NA,5.3,1.14,"Yes","No",NA,8.9,7.7462,6.8717,6.9764,6.6389,7.2498,7.8001,8.2725,8.2725,2,NA,NA,NA,NA,NA,NA,NA,NA,NA,NA,NA,NA,NA,NA,NA,NA,NA,NA,NA,NA,NA,NA,NA,NA,NA,NA,NA,NA,NA,NA,NA,NA,1,1,1,1,1,1,1,1,1,NA,NA,NA,NA,NA,NA,NA,NA,NA,NA,NA,NA,NA,0,0,0,0,0,0,0,NA,0,NA,0,0,0,0,0,0,0,0,0,NA,NA,NA,NA,NA,NA,NA,NA,NA,NA,NA,"mix","Mix","mix of slurry co-digested with other agricultural residues",NA,"Slurry","Disruption","Acidification",NA,NA,5.46,NA,2.8,1.61,NA,NA,NA,6.5,TRUE,2023-04-12,2023-04-12 15:41:00,1681314060,2023-04-19 10:25:00,1681899900,"bsth","bsth","Band spread or trailing hose",35,56.35,"none","None",NA,NA,NA,NA,NA,"cereal","Cereal",12,NA,NA,NA,NA,"A"
205,391,2296,2300,3,"MAG","23D",NA,"AU","DK","Pedersen, Johanna","../../data-submitted/03/AU/ALFAM2_template_7.0_MAGspring23_231117.xlsx",965,1033,20,NA,NA,56.493,9.5613,"Flat","A","1 B",0.385,"B",1,NA,69,2023-04-19 14:20:00,2023-04-26 18:30:00,2.5333,2.5333,2.5333,2.5333,174.8,"Dynamic chamber","chamber","Dynamic chamber",NA,1.0851,0.018797,NA,4.2077,5.9431,9.489,15.467,22.814,25.935,27.627,29.558,29.715,NA,4.2077,5.9431,9.489,15.467,22.814,25.935,27.627,29.558,29.715,NA,0.072886,0.10295,0.16437,0.26793,0.39519,0.44925,0.47855,0.51201,0.51473,9,24,65,NA,NA,NA,0.24,NA,NA,5.2,1.07,"Yes","No",NA,12.6,12.5,10.725,9.0333,9.7944,10.082,10.711,9.4167,9.7045,2,NA,NA,NA,NA,NA,NA,NA,NA,NA,NA,NA,NA,NA,NA,NA,NA,NA,NA,NA,NA,NA,NA,NA,NA,NA,NA,NA,NA,NA,NA,NA,NA,1,1,1,1,1,1,1,1,1.0455,NA,NA,NA,NA,NA,NA,NA,NA,NA,NA,NA,NA,NA,0,0,0,0,0,0,0,0,0,NA,0,0,0,0,0,0,0,0,0,NA,NA,NA,NA,NA,NA,NA,NA,NA,NA,NA,"mix","Mix","mix of slurry co-digested with other agricultural residues",NA,"Slurry","None",NA,NA,NA,9.18,NA,4.9,2.51,NA,NA,NA,8.1,FALSE,2023-04-19,2023-04-19 14:20:00,1681914000,2023-04-26 21:02:00,1682542920,"bsth","bsth","Band spread or trailing hose",23,57.73,"none","None",NA,NA,NA,NA,NA,"cereal","Cereal",13,NA,NA,NA,NA,"B"
205,391,2297,2301,3,"MAG","23D",NA,"AU","DK","Pedersen, Johanna","../../data-submitted/03/AU/ALFAM2_template_7.0_MAGspring23_231117.xlsx",1034,1102,24,NA,NA,56.493,9.5613,"Flat","A","10 A acid",0.385,"A acid",2,NA,69,2023-04-19 15:32:00,2023-04-26 19:42:00,2.5333,2.5333,2.5333,2.5333,174.8,"Dynamic chamber","chamber","Dynamic chamber",NA,1.0908,0.019259,NA,3.8147,4.9519,6.6067,8.668,10.868,11.933,12.729,13.371,13.361,NA,3.8147,4.9519,6.6067,8.668,10.868,11.933,12.729,13.371,13.361,NA,0.06735,0.087428,0.11664,0.15304,0.19187,0.21068,0.22474,0.23608,0.23589,9,24,65,NA,NA,NA,0.24,NA,NA,5.2,1.07,"Yes","No",NA,12.7,12.25,9.725,8.7667,9.8389,10.15,10.692,9.4136,9.6667,2,NA,NA,NA,NA,NA,NA,NA,NA,NA,NA,NA,NA,NA,NA,NA,NA,NA,NA,NA,NA,NA,NA,NA,NA,NA,NA,NA,NA,NA,NA,NA,NA,1,1,1,1,1,1,1,1,1.0455,NA,NA,NA,NA,NA,NA,NA,NA,NA,NA,NA,NA,NA,0,0,0,0,0,0,0,0,0,NA,0,0,0,0,0,0,0,0,0,NA,NA,NA,NA,NA,NA,NA,NA,NA,NA,NA,"mix","Mix","mix of slurry co-digested with other agricultural residues",NA,"Slurry","Acidification",NA,NA,NA,5.6,NA,3.73,1.77,NA,NA,NA,7.4,TRUE,2023-04-19,2023-04-19 15:32:00,1681918320,2023-04-26 22:14:00,1682547240,"bsth","bsth","Band spread or trailing hose",32,56.64,"none","None",NA,NA,NA,NA,NA,"cereal","Cereal",13,NA,NA,NA,NA,"B"
205,391,2298,2302,3,"MAG","23D",NA,"AU","DK","Pedersen, Johanna","../../data-submitted/03/AU/ALFAM2_template_7.0_MAGspring23_231117.xlsx",1103,1171,21,NA,NA,56.493,9.5613,"Flat","A","11 B",0.385,"B",2,NA,69,2023-04-19 15:40:00,2023-04-26 19:50:00,2.5333,2.5333,2.5333,2.5333,174.8,"Dynamic chamber","chamber","Dynamic chamber",NA,1.2526,0.021698,NA,4.5717,6.2608,9.8508,16.38,22.812,24.951,26.248,27.69,27.7,NA,4.5717,6.2608,9.8508,16.38,22.812,24.951,26.248,27.69,27.7,NA,0.07919,0.10845,0.17064,0.28374,0.39516,0.43221,0.45467,0.47965,0.47982,9,24,65,NA,NA,NA,0.24,NA,NA,5.2,1.07,"Yes","No",NA,12.7,12.25,9.725,8.7667,9.7278,10.164,10.67,9.403,9.6561,2,NA,NA,NA,NA,NA,NA,NA,NA,NA,NA,NA,NA,NA,NA,NA,NA,NA,NA,NA,NA,NA,NA,NA,NA,NA,NA,NA,NA,NA,NA,NA,NA,1,1,1,1,1,1,1,1,1.0455,NA,NA,NA,NA,NA,NA,NA,NA,NA,NA,NA,NA,NA,0,0,0,0,0,0,0,0,0,NA,0,0,0,0,0,0,0,0,0,NA,NA,NA,NA,NA,NA,NA,NA,NA,NA,NA,"mix","Mix","mix of slurry co-digested with other agricultural residues",NA,"Slurry","None",NA,NA,NA,9.18,NA,4.9,2.51,NA,NA,NA,8.1,FALSE,2023-04-19,2023-04-19 15:40:00,1681918800,2023-04-26 22:22:00,1682547720,"bsth","bsth","Band spread or trailing hose",23,57.73,"none","None",NA,NA,NA,NA,NA,"cereal","Cereal",13,NA,NA,NA,NA,"B"
205,391,2299,2303,3,"MAG","23D",NA,"AU","DK","Pedersen, Johanna","../../data-submitted/03/AU/ALFAM2_template_7.0_MAGspring23_231117.xlsx",1172,1240,27,NA,NA,56.493,9.5613,"Flat","A","12 B sep acid",0.385,"B sep acid",2,NA,69,2023-04-19 15:48:00,2023-04-26 19:58:00,2.5333,2.5333,2.5333,2.5333,174.8,"Dynamic chamber","chamber","Dynamic chamber",NA,0.92527,0.018001,NA,3.2306,4.2541,6.1553,9.427,13.068,14.925,16.579,19.174,19.303,NA,3.2306,4.2541,6.1553,9.427,13.068,14.925,16.579,19.174,19.303,NA,0.062851,0.082766,0.11975,0.18341,0.25424,0.29037,0.32254,0.37304,0.37555,9,24,65,NA,NA,NA,0.24,NA,NA,5.2,1.07,"Yes","No",NA,12.7,12.25,9.725,8.9222,9.8389,10.221,10.714,9.4136,9.6667,2,NA,NA,NA,NA,NA,NA,NA,NA,NA,NA,NA,NA,NA,NA,NA,NA,NA,NA,NA,NA,NA,NA,NA,NA,NA,NA,NA,NA,NA,NA,NA,NA,1,1,1,1,1,1,1,1,1.0455,NA,NA,NA,NA,NA,NA,NA,NA,NA,NA,NA,NA,NA,0,0,0,0,0,0,0,0,0,NA,0,0,0,0,0,0,0,0,0,NA,NA,NA,NA,NA,NA,NA,NA,NA,NA,NA,"mix","Mix","mix of slurry co-digested with other agricultural residues",NA,"Slurry","Mechanical separation","Acidification",NA,NA,7.33,NA,5.22,2.57,NA,NA,NA,7.5,TRUE,2023-04-19,2023-04-19 15:48:00,1681919280,2023-04-26 22:30:00,1682548200,"bsth","bsth","Band spread or trailing hose",20,51.4,"none","None",NA,NA,NA,NA,NA,"cereal","Cereal",13,NA,NA,NA,NA,"B"
205,391,2300,2304,3,"MAG","23D",NA,"AU","DK","Pedersen, Johanna","../../data-submitted/03/AU/ALFAM2_template_7.0_MAGspring23_231117.xlsx",1241,1309,34,NA,NA,56.493,9.5613,"Flat","A","13 B acid",0.385,"B acid",3,NA,69,2023-04-19 15:56:00,2023-04-26 20:06:00,2.5333,2.5333,2.5333,2.5333,174.8,"Dynamic chamber","chamber","Dynamic chamber",NA,0.96419,0.018069,NA,3.534,4.8403,7.5681,13.204,19.812,22.999,25.239,28.317,28.447,NA,3.534,4.8403,7.5681,13.204,19.812,22.999,25.239,28.317,28.447,NA,0.06623,0.090711,0.14183,0.24746,0.37129,0.43102,0.473,0.53067,0.53311,9,24,65,NA,NA,NA,0.24,NA,NA,5.2,1.07,"Yes","No",NA,12.7,12.25,9.6,8.8778,9.8167,10.146,10.692,9.3924,9.6348,2,NA,NA,NA,NA,NA,NA,NA,NA,NA,NA,NA,NA,NA,NA,NA,NA,NA,NA,NA,NA,NA,NA,NA,NA,NA,NA,NA,NA,NA,NA,NA,NA,1,1,1,1,1,1,1,1,1.0455,NA,NA,NA,NA,NA,NA,NA,NA,NA,NA,NA,NA,NA,0,0,0,0,0,0,0,0,0,NA,0,0,0,0,0,0,0,0,0,NA,NA,NA,NA,NA,NA,NA,NA,NA,NA,NA,"mix","Mix","mix of slurry co-digested with other agricultural residues",NA,"Slurry","Acidification",NA,NA,NA,9.3,NA,5.55,2.32,NA,NA,NA,7.7,TRUE,2023-04-19,2023-04-19 15:56:00,1681919760,2023-04-26 22:38:00,1682548680,"bsth","bsth","Band spread or trailing hose",23,53.36,"none","None",NA,NA,NA,NA,NA,"cereal","Cereal",13,NA,NA,NA,NA,"B"
205,391,2301,2305,3,"MAG","23D",NA,"AU","DK","Pedersen, Johanna","../../data-submitted/03/AU/ALFAM2_template_7.0_MAGspring23_231117.xlsx",1310,1378,31,NA,NA,56.493,9.5613,"Flat","A","14 A",0.385,"A",3,NA,69,2023-04-19 16:04:00,2023-04-26 20:14:00,2.5333,2.5333,2.5333,2.5333,174.8,"Dynamic chamber","chamber","Dynamic chamber",NA,1.365,0.028822,NA,4.61,5.8716,7.8121,10.491,12.995,14.15,14.959,15.993,16.015,NA,4.61,5.8716,7.8121,10.491,12.995,14.15,14.959,15.993,16.015,NA,0.097339,0.12398,0.16495,0.22151,0.2744,0.29877,0.31587,0.33768,0.33815,9,24,65,NA,NA,NA,0.24,NA,NA,5.2,1.07,"Yes","No",NA,12.7,11.65,9.3,8.7444,9.8,10.136,10.589,9.3318,9.5742,2,NA,NA,NA,NA,NA,NA,NA,NA,NA,NA,NA,NA,NA,NA,NA,NA,NA,NA,NA,NA,NA,NA,NA,NA,NA,NA,NA,NA,NA,NA,NA,NA,1,1,1,1,1,1,1,1,1.0455,NA,NA,NA,NA,NA,NA,NA,NA,NA,NA,NA,NA,NA,0,0,0,0,0,0,0,0,0,NA,0,0,0,0,0,0,0,0,0,NA,NA,NA,NA,NA,NA,NA,NA,NA,NA,NA,"mix","Mix","mix of slurry co-digested with other agricultural residues",NA,"Slurry","None",NA,NA,NA,5.44,NA,3.01,1.48,NA,NA,NA,8.4,FALSE,2023-04-19,2023-04-19 16:04:00,1681920240,2023-04-26 22:46:00,1682549160,"bsth","bsth","Band spread or trailing hose",32,47.36,"none","None",NA,NA,NA,NA,NA,"cereal","Cereal",13,NA,NA,NA,NA,"B"
205,391,2302,2306,3,"MAG","23D",NA,"AU","DK","Pedersen, Johanna","../../data-submitted/03/AU/ALFAM2_template_7.0_MAGspring23_231117.xlsx",1379,1447,28,NA,NA,56.493,9.5613,"Flat","A","15 B sep acid",0.385,"B sep acid",3,NA,69,2023-04-19 16:12:00,2023-04-26 20:22:00,2.5333,2.5333,2.5333,2.5333,174.8,"Dynamic chamber","chamber","Dynamic chamber",NA,1.1524,0.02242,NA,4.0638,5.4022,7.9022,11.615,14.825,16.346,17.5,19.273,19.345,NA,4.0638,5.4022,7.9022,11.615,14.825,16.346,17.5,19.273,19.345,NA,0.079063,0.1051,0.15374,0.22597,0.28843,0.31802,0.34046,0.37495,0.37636,9,24,65,NA,NA,NA,0.24,NA,NA,5.2,1.07,"Yes","No",NA,12.7,11.65,9.3,8.7444,9.7,10.15,10.6,9.3545,9.597,2,NA,NA,NA,NA,NA,NA,NA,NA,NA,NA,NA,NA,NA,NA,NA,NA,NA,NA,NA,NA,NA,NA,NA,NA,NA,NA,NA,NA,NA,NA,NA,NA,1,1,1,1,1,1,1,1,1.0455,NA,NA,NA,NA,NA,NA,NA,NA,NA,NA,NA,NA,NA,0,0,0,0,0,0,0,0,0,NA,0,0,0,0,0,0,0,0,0,NA,NA,NA,NA,NA,NA,NA,NA,NA,NA,NA,"mix","Mix","mix of slurry co-digested with other agricultural residues",NA,"Slurry","Mechanical separation","Acidification",NA,NA,7.33,NA,5.22,2.57,NA,NA,NA,7.5,TRUE,2023-04-19,2023-04-19 16:12:00,1681920720,2023-04-26 22:54:00,1682549640,"bsth","bsth","Band spread or trailing hose",20,51.4,"none","None",NA,NA,NA,NA,NA,"cereal","Cereal",13,NA,NA,NA,NA,"B"
205,391,2303,2307,3,"MAG","23D",NA,"AU","DK","Pedersen, Johanna","../../data-submitted/03/AU/ALFAM2_template_7.0_MAGspring23_231117.xlsx",1448,1516,22,NA,NA,56.493,9.5613,"Flat","A","17 B",0.385,"B",3,NA,69,2023-04-19 16:28:00,2023-04-26 20:38:00,2.5333,2.5333,2.5333,2.5333,174.8,"Dynamic chamber","chamber","Dynamic chamber",NA,1.3224,0.022907,NA,4.6834,6.3079,9.784,16.516,22.685,24.7,25.581,26.353,26.351,NA,4.6834,6.3079,9.784,16.516,22.685,24.7,25.581,26.353,26.351,NA,0.081127,0.10927,0.16948,0.2861,0.39295,0.42785,0.44311,0.45649,0.45644,9,24,65,NA,NA,NA,0.24,NA,NA,5.2,1.07,"Yes","No",NA,12.7,11.65,9.225,8.9778,9.8389,10.179,10.627,9.3394,9.5742,2,NA,NA,NA,NA,NA,NA,NA,NA,NA,NA,NA,NA,NA,NA,NA,NA,NA,NA,NA,NA,NA,NA,NA,NA,NA,NA,NA,NA,NA,NA,NA,NA,1,1,1,1,1,1,1,1,1.0455,NA,NA,NA,NA,NA,NA,NA,NA,NA,NA,NA,NA,NA,0,0,0,0,0,0,0,0,0,NA,0,0,0,0,0,0,0,0,0,NA,NA,NA,NA,NA,NA,NA,NA,NA,NA,NA,"mix","Mix","mix of slurry co-digested with other agricultural residues",NA,"Slurry","None",NA,NA,NA,9.18,NA,4.9,2.51,NA,NA,NA,8.1,FALSE,2023-04-19,2023-04-19 16:28:00,1681921680,2023-04-26 23:10:00,1682550600,"bsth","bsth","Band spread or trailing hose",23,57.73,"none","None",NA,NA,NA,NA,NA,"cereal","Cereal",13,NA,NA,NA,NA,"B"
205,391,2304,2308,3,"MAG","23D",NA,"AU","DK","Pedersen, Johanna","../../data-submitted/03/AU/ALFAM2_template_7.0_MAGspring23_231117.xlsx",1517,1585,25,NA,NA,56.493,9.5613,"Flat","A","18 A acid",0.385,"A acid",3,NA,69,2023-04-19 16:36:00,2023-04-26 20:46:00,2.5333,2.5333,2.5333,2.5333,174.8,"Dynamic chamber","chamber","Dynamic chamber",NA,0.86402,0.015255,NA,3.0303,3.9946,5.6633,7.9302,9.9783,11.063,11.804,12.82,12.827,NA,3.0303,3.9946,5.6633,7.9302,9.9783,11.063,11.804,12.82,12.827,NA,0.0535,0.070526,0.099987,0.14001,0.17617,0.19532,0.20841,0.22634,0.22647,9,24,65,NA,NA,NA,0.24,NA,NA,5.2,1.07,"Yes","No",NA,12.4,11.5,9.15,8.9444,9.9056,10.221,10.659,9.353,9.5879,2,NA,NA,NA,NA,NA,NA,NA,NA,NA,NA,NA,NA,NA,NA,NA,NA,NA,NA,NA,NA,NA,NA,NA,NA,NA,NA,NA,NA,NA,NA,NA,NA,1,1,1,1,1,1,1,1,1.0455,NA,NA,NA,NA,NA,NA,NA,NA,NA,NA,NA,NA,NA,0,0,0,0,0,0,0,0,0,NA,0,0,0,0,0,0,0,0,0,NA,NA,NA,NA,NA,NA,NA,NA,NA,NA,NA,"mix","Mix","mix of slurry co-digested with other agricultural residues",NA,"Slurry","Acidification",NA,NA,NA,5.6,NA,3.73,1.77,NA,NA,NA,7.4,TRUE,2023-04-19,2023-04-19 16:36:00,1681922160,2023-04-26 23:18:00,1682551080,"bsth","bsth","Band spread or trailing hose",32,56.64,"none","None",NA,NA,NA,NA,NA,"cereal","Cereal",13,NA,NA,NA,NA,"B"
205,391,2305,2309,3,"MAG","23D",NA,"AU","DK","Pedersen, Johanna","../../data-submitted/03/AU/ALFAM2_template_7.0_MAGspring23_231117.xlsx",1586,1654,23,NA,NA,56.493,9.5613,"Flat","A","2 A acid",0.385,"A acid",1,NA,69,2023-04-19 14:28:00,2023-04-26 18:38:00,2.5333,2.5333,2.5333,2.5333,174.8,"Dynamic chamber","chamber","Dynamic chamber",NA,0.96803,0.017091,NA,3.2899,4.1884,5.4111,6.8057,8.469,9.3968,10.031,10.717,10.775,NA,3.2899,4.1884,5.4111,6.8057,8.469,9.3968,10.031,10.717,10.775,NA,0.058084,0.073948,0.095534,0.12016,0.14952,0.1659,0.1771,0.18921,0.19024,9,24,65,NA,NA,NA,0.24,NA,NA,5.2,1.07,"Yes","No",NA,12.6,12.5,10.3,8.7667,9.7389,10.036,10.668,9.3864,9.6773,2,NA,NA,NA,NA,NA,NA,NA,NA,NA,NA,NA,NA,NA,NA,NA,NA,NA,NA,NA,NA,NA,NA,NA,NA,NA,NA,NA,NA,NA,NA,NA,NA,1,1,1,1,1,1,1,1,1.0455,NA,NA,NA,NA,NA,NA,NA,NA,NA,NA,NA,NA,NA,0,0,0,0,0,0,0,0,0,NA,0,0,0,0,0,0,0,0,0,NA,NA,NA,NA,NA,NA,NA,NA,NA,NA,NA,"mix","Mix","mix of slurry co-digested with other agricultural residues",NA,"Slurry","Acidification",NA,NA,NA,5.6,NA,3.73,1.77,NA,NA,NA,7.4,TRUE,2023-04-19,2023-04-19 14:28:00,1681914480,2023-04-26 21:10:00,1682543400,"bsth","bsth","Band spread or trailing hose",32,56.64,"none","None",NA,NA,NA,NA,NA,"cereal","Cereal",13,NA,NA,NA,NA,"B"
205,391,2306,2310,3,"MAG","23D",NA,"AU","DK","Pedersen, Johanna","../../data-submitted/03/AU/ALFAM2_template_7.0_MAGspring23_231117.xlsx",1655,1723,26,NA,NA,56.493,9.5613,"Flat","A","3 B sep acid",0.385,"B sep acid",1,NA,69,2023-04-19 14:36:00,2023-04-26 18:46:00,2.5333,2.5333,2.5333,2.5333,174.8,"Dynamic chamber","chamber","Dynamic chamber",NA,0.77956,0.015167,NA,2.8682,3.9125,5.7642,8.4919,11.249,12.705,13.979,15.914,16.061,NA,2.8682,3.9125,5.7642,8.4919,11.249,12.705,13.979,15.914,16.061,NA,0.055801,0.076119,0.11214,0.16521,0.21884,0.24718,0.27196,0.30961,0.31248,9,24,65,NA,NA,NA,0.24,NA,NA,5.2,1.07,"Yes","No",NA,12.7,12.55,10.325,8.7778,9.6611,9.9857,10.562,9.3303,9.6212,2,NA,NA,NA,NA,NA,NA,NA,NA,NA,NA,NA,NA,NA,NA,NA,NA,NA,NA,NA,NA,NA,NA,NA,NA,NA,NA,NA,NA,NA,NA,NA,NA,1,1,1,1,1,1,1,1,1.0455,NA,NA,NA,NA,NA,NA,NA,NA,NA,NA,NA,NA,NA,0,0,0,0,0,0,0,0,0,NA,0,0,0,0,0,0,0,0,0,NA,NA,NA,NA,NA,NA,NA,NA,NA,NA,NA,"mix","Mix","mix of slurry co-digested with other agricultural residues",NA,"Slurry","Mechanical separation","Acidification",NA,NA,7.33,NA,5.22,2.57,NA,NA,NA,7.5,TRUE,2023-04-19,2023-04-19 14:36:00,1681914960,2023-04-26 21:18:00,1682543880,"bsth","bsth","Band spread or trailing hose",20,51.4,"none","None",NA,NA,NA,NA,NA,"cereal","Cereal",13,NA,NA,NA,NA,"B"
205,391,2307,2311,3,"MAG","23D",NA,"AU","DK","Pedersen, Johanna","../../data-submitted/03/AU/ALFAM2_template_7.0_MAGspring23_231117.xlsx",1724,1792,29,NA,NA,56.493,9.5613,"Flat","A","4 A",0.385,"A",1,NA,69,2023-04-19 14:44:00,2023-04-26 18:54:00,2.5333,2.5333,2.5333,2.5333,174.8,"Dynamic chamber","chamber","Dynamic chamber",NA,1.2082,0.025512,NA,4.3249,5.7544,8.0378,10.796,13.437,14.885,16.062,17.7,17.8,NA,4.3249,5.7544,8.0378,10.796,13.437,14.885,16.062,17.7,17.8,NA,0.091319,0.1215,0.16972,0.22796,0.28372,0.31429,0.33914,0.37374,0.37585,9,24,65,NA,NA,NA,0.24,NA,NA,5.2,1.07,"Yes","No",NA,12.7,12.55,10.325,8.7778,9.6333,10.043,10.605,9.3439,9.6348,2,NA,NA,NA,NA,NA,NA,NA,NA,NA,NA,NA,NA,NA,NA,NA,NA,NA,NA,NA,NA,NA,NA,NA,NA,NA,NA,NA,NA,NA,NA,NA,NA,1,1,1,1,1,1,1,1,1.0455,NA,NA,NA,NA,NA,NA,NA,NA,NA,NA,NA,NA,NA,0,0,0,0,0,0,0,0,0,NA,0,0,0,0,0,0,0,0,0,NA,NA,NA,NA,NA,NA,NA,NA,NA,NA,NA,"mix","Mix","mix of slurry co-digested with other agricultural residues",NA,"Slurry","None",NA,NA,NA,5.44,NA,3.01,1.48,NA,NA,NA,8.4,FALSE,2023-04-19,2023-04-19 14:44:00,1681915440,2023-04-26 21:26:00,1682544360,"bsth","bsth","Band spread or trailing hose",32,47.36,"none","None",NA,NA,NA,NA,NA,"cereal","Cereal",13,NA,NA,NA,NA,"B"
205,391,2308,2312,3,"MAG","23D",NA,"AU","DK","Pedersen, Johanna","../../data-submitted/03/AU/ALFAM2_template_7.0_MAGspring23_231117.xlsx",1793,1861,32,NA,NA,56.493,9.5613,"Flat","A","6 B acid",0.385,"B acid",1,NA,69,2023-04-19 15:00:00,2023-04-26 19:10:00,2.5333,2.5333,2.5333,2.5333,174.8,"Dynamic chamber","chamber","Dynamic chamber",NA,1.0653,0.019965,NA,4.0814,5.7276,9.0728,15.038,21.858,24.471,25.987,27.678,27.749,NA,4.0814,5.7276,9.0728,15.038,21.858,24.471,25.987,27.678,27.749,NA,0.076488,0.10734,0.17003,0.28183,0.40964,0.4586,0.48702,0.51871,0.52003,9,24,65,NA,NA,NA,0.24,NA,NA,5.2,1.07,"Yes","No",NA,12.7,12.25,10.05,8.8556,9.7889,10.082,10.651,9.3803,9.6636,2,NA,NA,NA,NA,NA,NA,NA,NA,NA,NA,NA,NA,NA,NA,NA,NA,NA,NA,NA,NA,NA,NA,NA,NA,NA,NA,NA,NA,NA,NA,NA,NA,1,1,1,1,1,1,1,1,1.0455,NA,NA,NA,NA,NA,NA,NA,NA,NA,NA,NA,NA,NA,0,0,0,0,0,0,0,0,0,NA,0,0,0,0,0,0,0,0,0,NA,NA,NA,NA,NA,NA,NA,NA,NA,NA,NA,"mix","Mix","mix of slurry co-digested with other agricultural residues",NA,"Slurry","Acidification",NA,NA,NA,9.3,NA,5.55,2.32,NA,NA,NA,7.7,TRUE,2023-04-19,2023-04-19 15:00:00,1681916400,2023-04-26 21:42:00,1682545320,"bsth","bsth","Band spread or trailing hose",23,53.36,"none","None",NA,NA,NA,NA,NA,"cereal","Cereal",13,NA,NA,NA,NA,"B"
205,391,2309,2313,3,"MAG","23D",NA,"AU","DK","Pedersen, Johanna","../../data-submitted/03/AU/ALFAM2_template_7.0_MAGspring23_231117.xlsx",1862,1930,30,NA,NA,56.493,9.5613,"Flat","A","7 A",0.385,"A",2,NA,69,2023-04-19 15:08:00,2023-04-26 19:18:00,2.5333,2.5333,2.5333,2.5333,174.8,"Dynamic chamber","chamber","Dynamic chamber",NA,1.0977,0.023178,NA,3.7652,4.8418,6.4607,8.5162,10.57,11.509,12.308,13.404,13.444,NA,3.7652,4.8418,6.4607,8.5162,10.57,11.509,12.308,13.404,13.444,NA,0.079502,0.10223,0.13642,0.17982,0.22319,0.24302,0.25988,0.28303,0.28386,9,24,65,NA,NA,NA,0.24,NA,NA,5.2,1.07,"Yes","No",NA,12.7,12.25,10.05,8.8556,9.7611,10.079,10.616,9.3697,9.653,2,NA,NA,NA,NA,NA,NA,NA,NA,NA,NA,NA,NA,NA,NA,NA,NA,NA,NA,NA,NA,NA,NA,NA,NA,NA,NA,NA,NA,NA,NA,NA,NA,1,1,1,1,1,1,1,1,1.0455,NA,NA,NA,NA,NA,NA,NA,NA,NA,NA,NA,NA,NA,0,0,0,0,0,0,0,0,0,NA,0,0,0,0,0,0,0,0,0,NA,NA,NA,NA,NA,NA,NA,NA,NA,NA,NA,"mix","Mix","mix of slurry co-digested with other agricultural residues",NA,"Slurry","None",NA,NA,NA,5.44,NA,3.01,1.48,NA,NA,NA,8.4,FALSE,2023-04-19,2023-04-19 15:08:00,1681916880,2023-04-26 21:50:00,1682545800,"bsth","bsth","Band spread or trailing hose",32,47.36,"none","None",NA,NA,NA,NA,NA,"cereal","Cereal",13,NA,NA,NA,NA,"B"
205,391,2310,2314,3,"MAG","23D",NA,"AU","DK","Pedersen, Johanna","../../data-submitted/03/AU/ALFAM2_template_7.0_MAGspring23_231117.xlsx",1931,1999,33,NA,NA,56.493,9.5613,"Flat","A","8 B acid",0.385,"B acid",2,NA,69,2023-04-19 15:16:00,2023-04-26 19:26:00,2.5333,2.5333,2.5333,2.5333,174.8,"Dynamic chamber","chamber","Dynamic chamber",NA,1.1345,0.02126,NA,4.2606,5.908,9.2827,15.278,21.755,24.49,26.391,28.932,29.033,NA,4.2606,5.908,9.2827,15.278,21.755,24.49,26.391,28.932,29.033,NA,0.079846,0.11072,0.17396,0.28631,0.4077,0.45897,0.49458,0.5422,0.5441,9,24,65,NA,NA,NA,0.24,NA,NA,5.2,1.07,"Yes","No",NA,12.7,12.25,10.05,8.9333,9.7833,10.175,10.689,9.4152,9.6985,2,NA,NA,NA,NA,NA,NA,NA,NA,NA,NA,NA,NA,NA,NA,NA,NA,NA,NA,NA,NA,NA,NA,NA,NA,NA,NA,NA,NA,NA,NA,NA,NA,1,1,1,1,1,1,1,1,1.0455,NA,NA,NA,NA,NA,NA,NA,NA,NA,NA,NA,NA,NA,0,0,0,0,0,0,0,0,0,NA,0,0,0,0,0,0,0,0,0,NA,NA,NA,NA,NA,NA,NA,NA,NA,NA,NA,"mix","Mix","mix of slurry co-digested with other agricultural residues",NA,"Slurry","Acidification",NA,NA,NA,9.3,NA,5.55,2.32,NA,NA,NA,7.7,TRUE,2023-04-19,2023-04-19 15:16:00,1681917360,2023-04-26 21:58:00,1682546280,"bsth","bsth","Band spread or trailing hose",23,53.36,"none","None",NA,NA,NA,NA,NA,"cereal","Cereal",13,NA,NA,NA,NA,"B"
205,392,2311,2315,3,"MAG","23G",NA,"AU","DK","Pedersen, Johanna","../../data-submitted/03/AU/ALFAM2_template_7.0_MAGspring23_231117.xlsx",2000,2063,44,NA,NA,56.493,9.5613,"Flat","A","1 A",0.385,"A",1,NA,64,2023-05-10 13:51:00,2023-05-17 05:22:00,2.5333,2.5333,2.5333,2.5333,162.13,"Dynamic chamber","chamber","Dynamic chamber",NA,1.3852,0.031156,NA,5.1788,7.1868,11.497,15.799,19.653,21.439,22.511,NA,23.695,NA,5.1788,7.1868,11.497,15.799,19.653,21.439,22.511,NA,23.695,NA,0.11648,0.16165,0.25859,0.35535,0.44205,0.48221,0.50632,NA,0.53294,9,24,65,NA,NA,NA,0.14,NA,NA,5.6,1.05,"Yes","No",NA,18.2,17.5,15.125,12.967,12.806,13.632,13.957,13.03,13.03,2,NA,NA,NA,NA,NA,NA,NA,NA,NA,NA,NA,NA,NA,NA,NA,NA,NA,NA,NA,NA,NA,NA,NA,NA,NA,NA,NA,NA,NA,NA,NA,NA,1,1,1,1,1,1,1,1,1,NA,NA,NA,NA,NA,NA,NA,NA,NA,NA,NA,NA,NA,0,0,0,0,0,0,0,NA,0,NA,0,0,0,0,0,0,0,0,0,NA,NA,NA,NA,NA,NA,NA,NA,NA,NA,NA,"mix","Mix","mix of slurry co-digested with other agricultural residues",NA,"Slurry","None",NA,NA,NA,5.53,NA,3.4,1.17,NA,NA,NA,7.9,FALSE,2023-05-10,2023-05-10 13:51:00,1683726660,2023-05-17 07:54:00,1684310040,"bsth","bsth","Band spread or trailing hose",38,44.46,"none","None",NA,NA,NA,NA,NA,"cereal","Cereal",8,NA,NA,NA,NA,"C"
205,392,2312,2316,3,"MAG","23G",NA,"AU","DK","Pedersen, Johanna","../../data-submitted/03/AU/ALFAM2_template_7.0_MAGspring23_231117.xlsx",2064,2127,36,NA,NA,56.493,9.5613,"Flat","A","10 B",0.385,"B",2,NA,64,2023-05-10 15:03:00,2023-05-17 06:34:00,2.5333,2.5333,2.5333,2.5333,162.13,"Dynamic chamber","chamber","Dynamic chamber",NA,1.5956,0.033034,NA,5.7398,7.751,12.149,18.06,23.562,25.462,26.186,NA,26.779,NA,5.7398,7.751,12.149,18.06,23.562,25.462,26.186,NA,26.779,NA,0.11884,0.16048,0.25153,0.37392,0.48783,0.52717,0.54216,NA,0.55443,9,24,65,NA,NA,NA,0.14,NA,NA,5.6,1.05,"Yes","No",NA,17.8,16.65,14.4,12.722,12.939,13.729,14.027,12.978,12.978,2,NA,NA,NA,NA,NA,NA,NA,NA,NA,NA,NA,NA,NA,NA,NA,NA,NA,NA,NA,NA,NA,NA,NA,NA,NA,NA,NA,NA,NA,NA,NA,NA,1,1,1,1,1,1,1,1,1,NA,NA,NA,NA,NA,NA,NA,NA,NA,NA,NA,NA,NA,0,0,0,0,0,0,0,NA,0,NA,0,0,0,0,0,0,0,0,0,NA,NA,NA,NA,NA,NA,NA,NA,NA,NA,NA,"mix","Mix","mix of slurry co-digested with other agricultural residues",NA,"Slurry","None",NA,NA,NA,9.24,NA,4.39,2.1,NA,NA,NA,8.1,FALSE,2023-05-10,2023-05-10 15:03:00,1683730980,2023-05-17 09:06:00,1684314360,"bsth","bsth","Band spread or trailing hose",23,48.3,"none","None",NA,NA,NA,NA,NA,"cereal","Cereal",8,NA,NA,NA,NA,"C"
205,392,2313,2317,3,"MAG","23G",NA,"AU","DK","Pedersen, Johanna","../../data-submitted/03/AU/ALFAM2_template_7.0_MAGspring23_231117.xlsx",2128,2191,45,NA,NA,56.493,9.5613,"Flat","A","11 A",0.385,"A",2,NA,64,2023-05-10 15:11:00,2023-05-17 06:42:00,2.5333,2.5333,2.5333,2.5333,162.13,"Dynamic chamber","chamber","Dynamic chamber",NA,1.5612,0.035115,NA,5.5259,7.4279,11.279,15.259,18.506,19.764,20.335,NA,20.882,NA,5.5259,7.4279,11.279,15.259,18.506,19.764,20.335,NA,20.882,NA,0.12429,0.16707,0.25369,0.3432,0.41624,0.44453,0.45738,NA,0.46968,9,24,65,NA,NA,NA,0.14,NA,NA,5.6,1.05,"Yes","No",NA,17.8,16.65,14.4,12.722,12.867,13.696,13.986,12.972,12.972,2,NA,NA,NA,NA,NA,NA,NA,NA,NA,NA,NA,NA,NA,NA,NA,NA,NA,NA,NA,NA,NA,NA,NA,NA,NA,NA,NA,NA,NA,NA,NA,NA,1,1,1,1,1,1,1,1,1,NA,NA,NA,NA,NA,NA,NA,NA,NA,NA,NA,NA,NA,0,0,0,0,0,0,0,NA,0,NA,0,0,0,0,0,0,0,0,0,NA,NA,NA,NA,NA,NA,NA,NA,NA,NA,NA,"mix","Mix","mix of slurry co-digested with other agricultural residues",NA,"Slurry","None",NA,NA,NA,5.53,NA,3.4,1.17,NA,NA,NA,7.9,FALSE,2023-05-10,2023-05-10 15:11:00,1683731460,2023-05-17 09:14:00,1684314840,"bsth","bsth","Band spread or trailing hose",38,44.46,"none","None",NA,NA,NA,NA,NA,"cereal","Cereal",8,NA,NA,NA,NA,"C"
205,392,2314,2318,3,"MAG","23G",NA,"AU","DK","Pedersen, Johanna","../../data-submitted/03/AU/ALFAM2_template_7.0_MAGspring23_231117.xlsx",2192,2255,48,NA,NA,56.493,9.5613,"Flat","A","12 C sep",0.385,"C sep",2,NA,64,2023-05-10 15:19:00,2023-05-17 06:50:00,2.5333,2.5333,2.5333,2.5333,162.13,"Dynamic chamber","chamber","Dynamic chamber",NA,0.44066,0.0069026,NA,1.4311,1.7727,2.4414,3.4607,4.9672,6.051,7.0032,NA,8.6397,NA,1.4311,1.7727,2.4414,3.4607,4.9672,6.051,7.0032,NA,8.6397,NA,0.022417,0.027768,0.038243,0.054209,0.077806,0.094784,0.1097,NA,0.13533,9,24,65,NA,NA,NA,0.14,NA,NA,5.6,1.05,"Yes","No",NA,17.8,16.65,14.4,12.8,12.906,13.814,14.076,13.02,13.02,2,NA,NA,NA,NA,NA,NA,NA,NA,NA,NA,NA,NA,NA,NA,NA,NA,NA,NA,NA,NA,NA,NA,NA,NA,NA,NA,NA,NA,NA,NA,NA,NA,1,1,1,1,1,1,1,1,1,NA,NA,NA,NA,NA,NA,NA,NA,NA,NA,NA,NA,NA,0,0,0,0,0,0,0,NA,0,NA,0,0,0,0,0,0,0,0,0,NA,NA,NA,NA,NA,NA,NA,NA,NA,NA,NA,"mix","Mix","mix of slurry co-digested with other agricultural residues",NA,"Slurry","Mechanical separation",NA,NA,NA,2.52,NA,4.97,3.36,NA,NA,NA,8,FALSE,2023-05-10,2023-05-10 15:19:00,1683731940,2023-05-17 09:22:00,1684315320,"bsth","bsth","Band spread or trailing hose",19,63.84,"none","None",NA,NA,NA,NA,NA,"cereal","Cereal",8,NA,NA,NA,NA,"C"
205,392,2315,2319,3,"MAG","23G",NA,"AU","DK","Pedersen, Johanna","../../data-submitted/03/AU/ALFAM2_template_7.0_MAGspring23_231117.xlsx",2256,2319,43,NA,NA,56.493,9.5613,"Flat","A","13 C",0.385,"C",3,NA,64,2023-05-10 15:27:00,2023-05-17 06:58:00,2.5333,2.5333,2.5333,2.5333,162.13,"Dynamic chamber","chamber","Dynamic chamber",NA,1.7558,0.031791,NA,5.8618,7.4487,9.9375,12.468,15.765,17.732,19.206,NA,21.493,NA,5.8618,7.4487,9.9375,12.468,15.765,17.732,19.206,NA,21.493,NA,0.10613,0.13487,0.17993,0.22575,0.28544,0.32106,0.34775,NA,0.38915,9,24,65,NA,NA,NA,0.14,NA,NA,5.6,1.05,"Yes","No",NA,17.8,16.65,14.325,12.767,12.933,13.75,14.089,13.022,13.022,2,NA,NA,NA,NA,NA,NA,NA,NA,NA,NA,NA,NA,NA,NA,NA,NA,NA,NA,NA,NA,NA,NA,NA,NA,NA,NA,NA,NA,NA,NA,NA,NA,1,1,1,1,1,1,1,1,1,NA,NA,NA,NA,NA,NA,NA,NA,NA,NA,NA,NA,NA,0,0,0,0,0,0,0,NA,0,NA,0,0,0,0,0,0,0,0,0,NA,NA,NA,NA,NA,NA,NA,NA,NA,NA,NA,"mix","Mix","mix of slurry co-digested with other agricultural residues",NA,"Slurry","None",NA,NA,NA,4.34,NA,3.93,2.63,NA,NA,NA,8.2,FALSE,2023-05-10,2023-05-10 15:27:00,1683732420,2023-05-17 09:30:00,1684315800,"bsth","bsth","Band spread or trailing hose",21,55.23,"none","None",NA,NA,NA,NA,NA,"cereal","Cereal",8,NA,NA,NA,NA,"C"
205,392,2316,2320,3,"MAG","23G",NA,"AU","DK","Pedersen, Johanna","../../data-submitted/03/AU/ALFAM2_template_7.0_MAGspring23_231117.xlsx",2320,2383,37,NA,NA,56.493,9.5613,"Flat","A","14 B",0.385,"B",3,NA,64,2023-05-10 15:35:00,2023-05-17 07:06:00,2.5333,2.5333,2.5333,2.5333,162.13,"Dynamic chamber","chamber","Dynamic chamber",NA,1.6342,0.033835,NA,5.845,7.9387,12.799,19.472,26.076,28.277,29.303,NA,30.504,NA,5.845,7.9387,12.799,19.472,26.076,28.277,29.303,NA,30.504,NA,0.12101,0.16436,0.265,0.40314,0.53988,0.58545,0.60669,NA,0.63156,9,24,65,NA,NA,NA,0.14,NA,NA,5.6,1.05,"Yes","No",NA,16.8,16.15,14.075,12.656,12.978,13.779,14.024,12.937,12.937,2,NA,NA,NA,NA,NA,NA,NA,NA,NA,NA,NA,NA,NA,NA,NA,NA,NA,NA,NA,NA,NA,NA,NA,NA,NA,NA,NA,NA,NA,NA,NA,NA,1,1,1,1,1,1,1,1,1,NA,NA,NA,NA,NA,NA,NA,NA,NA,NA,NA,NA,NA,0,0,0,0,0,0,0,NA,0,NA,0,0,0,0,0,0,0,0,0,NA,NA,NA,NA,NA,NA,NA,NA,NA,NA,NA,"mix","Mix","mix of slurry co-digested with other agricultural residues",NA,"Slurry","None",NA,NA,NA,9.24,NA,4.39,2.1,NA,NA,NA,8.1,FALSE,2023-05-10,2023-05-10 15:35:00,1683732900,2023-05-17 09:38:00,1684316280,"bsth","bsth","Band spread or trailing hose",23,48.3,"none","None",NA,NA,NA,NA,NA,"cereal","Cereal",8,NA,NA,NA,NA,"C"
205,392,2317,2321,3,"MAG","23G",NA,"AU","DK","Pedersen, Johanna","../../data-submitted/03/AU/ALFAM2_template_7.0_MAGspring23_231117.xlsx",2384,2447,46,NA,NA,56.493,9.5613,"Flat","A","15 A",0.385,"A",3,NA,64,2023-05-10 15:43:00,2023-05-17 07:14:00,2.5333,2.5333,2.5333,2.5333,162.13,"Dynamic chamber","chamber","Dynamic chamber",NA,1.4706,0.033078,NA,5.1798,7.0243,10.812,14.981,18.561,19.954,20.834,NA,22.111,NA,5.1798,7.0243,10.812,14.981,18.561,19.954,20.834,NA,22.111,NA,0.1165,0.15799,0.24319,0.33695,0.41747,0.44882,0.46859,NA,0.49732,9,24,65,NA,NA,NA,0.14,NA,NA,5.6,1.05,"Yes","No",NA,16.8,16.15,14.075,12.656,12.972,13.821,14.057,12.936,12.936,2,NA,NA,NA,NA,NA,NA,NA,NA,NA,NA,NA,NA,NA,NA,NA,NA,NA,NA,NA,NA,NA,NA,NA,NA,NA,NA,NA,NA,NA,NA,NA,NA,1,1,1,1,1,1,1,1,1,NA,NA,NA,NA,NA,NA,NA,NA,NA,NA,NA,NA,NA,0,0,0,0,0,0,0,NA,0,NA,0,0,0,0,0,0,0,0,0,NA,NA,NA,NA,NA,NA,NA,NA,NA,NA,NA,"mix","Mix","mix of slurry co-digested with other agricultural residues",NA,"Slurry","None",NA,NA,NA,5.53,NA,3.4,1.17,NA,NA,NA,7.9,FALSE,2023-05-10,2023-05-10 15:43:00,1683733380,2023-05-17 09:46:00,1684316760,"bsth","bsth","Band spread or trailing hose",38,44.46,"none","None",NA,NA,NA,NA,NA,"cereal","Cereal",8,NA,NA,NA,NA,"C"
205,392,2318,2322,3,"MAG","23G",NA,"AU","DK","Pedersen, Johanna","../../data-submitted/03/AU/ALFAM2_template_7.0_MAGspring23_231117.xlsx",2448,2511,40,NA,NA,56.493,9.5613,"Flat","A","17 B sep",0.385,"B sep",3,NA,64,2023-05-10 15:59:00,2023-05-17 07:30:00,2.5333,2.5333,2.5333,2.5333,162.13,"Dynamic chamber","chamber","Dynamic chamber",NA,1.3417,0.029424,NA,4.4822,5.7444,8.0867,10.693,13.009,13.712,14.185,NA,14.949,NA,4.4822,5.7444,8.0867,10.693,13.009,13.712,14.185,NA,14.949,NA,0.098294,0.12597,0.17734,0.23451,0.28528,0.3007,0.31108,NA,0.32784,9,24,65,NA,NA,NA,0.14,NA,NA,5.6,1.05,"Yes","No",NA,16.8,15.05,13.475,12.356,12.944,13.75,14.054,12.92,12.92,2,NA,NA,NA,NA,NA,NA,NA,NA,NA,NA,NA,NA,NA,NA,NA,NA,NA,NA,NA,NA,NA,NA,NA,NA,NA,NA,NA,NA,NA,NA,NA,NA,1,1,1,1,1,1,1,1,1,NA,NA,NA,NA,NA,NA,NA,NA,NA,NA,NA,NA,NA,0,0,0,0,0,0,0,NA,0,NA,0,0,0,0,0,0,0,0,0,NA,NA,NA,NA,NA,NA,NA,NA,NA,NA,NA,"mix","Mix","mix of slurry co-digested with other agricultural residues",NA,"Slurry","Mechanical separation",NA,NA,NA,7.03,NA,4.7,2.4,NA,NA,NA,7.9,FALSE,2023-05-10,2023-05-10 15:59:00,1683734340,2023-05-17 10:02:00,1684317720,"bsth","bsth","Band spread or trailing hose",19,45.6,"none","None",NA,NA,NA,NA,NA,"cereal","Cereal",8,NA,NA,NA,NA,"C"
205,392,2319,2323,3,"MAG","23G",NA,"AU","DK","Pedersen, Johanna","../../data-submitted/03/AU/ALFAM2_template_7.0_MAGspring23_231117.xlsx",2512,2575,49,NA,NA,56.493,9.5613,"Flat","A","18 C sep",0.385,"C sep",3,NA,64,2023-05-10 16:07:00,2023-05-17 07:38:00,2.5333,2.5333,2.5333,2.5333,162.13,"Dynamic chamber","chamber","Dynamic chamber",NA,0.5277,0.0082661,NA,1.6387,1.978,2.5987,3.4654,4.4363,4.7754,5.0239,NA,6.1021,NA,1.6387,1.978,2.5987,3.4654,4.4363,4.7754,5.0239,NA,6.1021,NA,0.025669,0.030984,0.040707,0.054283,0.069491,0.074803,0.078694,NA,0.095584,9,24,65,NA,NA,NA,0.14,NA,NA,5.6,1.05,"Yes","No",NA,16.8,15.05,13.475,12.356,12.867,13.7,14,12.894,12.894,2,NA,NA,NA,NA,NA,NA,NA,NA,NA,NA,NA,NA,NA,NA,NA,NA,NA,NA,NA,NA,NA,NA,NA,NA,NA,NA,NA,NA,NA,NA,NA,NA,1,1,1,1,1,1,1,1,1,NA,NA,NA,NA,NA,NA,NA,NA,NA,NA,NA,NA,NA,0,0,0,0,0,0,0,NA,0,NA,0,0,0,0,0,0,0,0,0,NA,NA,NA,NA,NA,NA,NA,NA,NA,NA,NA,"mix","Mix","mix of slurry co-digested with other agricultural residues",NA,"Slurry","Mechanical separation",NA,NA,NA,2.52,NA,4.97,3.36,NA,NA,NA,8,FALSE,2023-05-10,2023-05-10 16:07:00,1683734820,2023-05-17 10:10:00,1684318200,"bsth","bsth","Band spread or trailing hose",19,63.84,"none","None",NA,NA,NA,NA,NA,"cereal","Cereal",8,NA,NA,NA,NA,"C"
205,392,2320,2324,3,"MAG","23G",NA,"AU","DK","Pedersen, Johanna","../../data-submitted/03/AU/ALFAM2_template_7.0_MAGspring23_231117.xlsx",2576,2639,35,NA,NA,56.493,9.5613,"Flat","A","2 B",0.385,"B",1,NA,64,2023-05-10 13:59:00,2023-05-17 05:30:00,2.5333,2.5333,2.5333,2.5333,162.13,"Dynamic chamber","chamber","Dynamic chamber",NA,1.5158,0.031384,NA,5.5293,7.5523,12.035,17.877,23.751,26.376,27.427,NA,28.309,NA,5.5293,7.5523,12.035,17.877,23.751,26.376,27.427,NA,28.309,NA,0.11448,0.15636,0.24918,0.37012,0.49174,0.54609,0.56784,NA,0.58611,9,24,65,NA,NA,NA,0.14,NA,NA,5.6,1.05,"Yes","No",NA,18.2,17.25,14.95,12.889,12.878,13.696,14.043,13.055,13.055,2,NA,NA,NA,NA,NA,NA,NA,NA,NA,NA,NA,NA,NA,NA,NA,NA,NA,NA,NA,NA,NA,NA,NA,NA,NA,NA,NA,NA,NA,NA,NA,NA,1,1,1,1,1,1,1,1,1,NA,NA,NA,NA,NA,NA,NA,NA,NA,NA,NA,NA,NA,0,0,0,0,0,0,0,NA,0,NA,0,0,0,0,0,0,0,0,0,NA,NA,NA,NA,NA,NA,NA,NA,NA,NA,NA,"mix","Mix","mix of slurry co-digested with other agricultural residues",NA,"Slurry","None",NA,NA,NA,9.24,NA,4.39,2.1,NA,NA,NA,8.1,FALSE,2023-05-10,2023-05-10 13:59:00,1683727140,2023-05-17 08:02:00,1684310520,"bsth","bsth","Band spread or trailing hose",23,48.3,"none","None",NA,NA,NA,NA,NA,"cereal","Cereal",8,NA,NA,NA,NA,"C"
205,392,2321,2325,3,"MAG","23G",NA,"AU","DK","Pedersen, Johanna","../../data-submitted/03/AU/ALFAM2_template_7.0_MAGspring23_231117.xlsx",2640,2703,47,NA,NA,56.493,9.5613,"Flat","A","3 C sep",0.385,"C sep",1,NA,64,2023-05-10 14:07:00,2023-05-17 05:38:00,2.5333,2.5333,2.5333,2.5333,162.13,"Dynamic chamber","chamber","Dynamic chamber",NA,0.70402,0.011028,NA,2.3055,2.849,3.7846,4.7984,5.9679,6.88,7.5498,NA,8.5957,NA,2.3055,2.849,3.7846,4.7984,5.9679,6.88,7.5498,NA,8.5957,NA,0.036113,0.044626,0.059283,0.075163,0.093482,0.10777,0.11826,NA,0.13464,9,24,65,NA,NA,NA,0.14,NA,NA,5.6,1.05,"Yes","No",NA,18.2,17.25,14.95,12.889,12.778,13.632,13.957,13.03,13.03,2,NA,NA,NA,NA,NA,NA,NA,NA,NA,NA,NA,NA,NA,NA,NA,NA,NA,NA,NA,NA,NA,NA,NA,NA,NA,NA,NA,NA,NA,NA,NA,NA,1,1,1,1,1,1,1,1,1,NA,NA,NA,NA,NA,NA,NA,NA,NA,NA,NA,NA,NA,0,0,0,0,0,0,0,NA,0,NA,0,0,0,0,0,0,0,0,0,NA,NA,NA,NA,NA,NA,NA,NA,NA,NA,NA,"mix","Mix","mix of slurry co-digested with other agricultural residues",NA,"Slurry","Mechanical separation",NA,NA,NA,2.52,NA,4.97,3.36,NA,NA,NA,8,FALSE,2023-05-10,2023-05-10 14:07:00,1683727620,2023-05-17 08:10:00,1684311000,"bsth","bsth","Band spread or trailing hose",19,63.84,"none","None",NA,NA,NA,NA,NA,"cereal","Cereal",8,NA,NA,NA,NA,"C"
205,392,2322,2326,3,"MAG","23G",NA,"AU","DK","Pedersen, Johanna","../../data-submitted/03/AU/ALFAM2_template_7.0_MAGspring23_231117.xlsx",2704,2767,41,NA,NA,56.493,9.5613,"Flat","A","4 C",0.385,"C",1,NA,64,2023-05-10 14:15:00,2023-05-17 05:46:00,2.5333,2.5333,2.5333,2.5333,162.13,"Dynamic chamber","chamber","Dynamic chamber",NA,1.8507,0.033509,NA,6.0833,7.5548,9.7905,11.8,14.032,15.373,16.116,NA,16.85,NA,6.0833,7.5548,9.7905,11.8,14.032,15.373,16.116,NA,16.85,NA,0.11014,0.13679,0.17727,0.21365,0.25406,0.27834,0.2918,NA,0.30508,9,24,65,NA,NA,NA,0.14,NA,NA,5.6,1.05,"Yes","No",NA,18.2,17.25,14.95,12.967,12.85,13.818,14.097,13.092,13.092,2,NA,NA,NA,NA,NA,NA,NA,NA,NA,NA,NA,NA,NA,NA,NA,NA,NA,NA,NA,NA,NA,NA,NA,NA,NA,NA,NA,NA,NA,NA,NA,NA,1,1,1,1,1,1,1,1,1,NA,NA,NA,NA,NA,NA,NA,NA,NA,NA,NA,NA,NA,0,0,0,0,0,0,0,NA,0,NA,0,0,0,0,0,0,0,0,0,NA,NA,NA,NA,NA,NA,NA,NA,NA,NA,NA,"mix","Mix","mix of slurry co-digested with other agricultural residues",NA,"Slurry","None",NA,NA,NA,4.34,NA,3.93,2.63,NA,NA,NA,8.2,FALSE,2023-05-10,2023-05-10 14:15:00,1683728100,2023-05-17 08:18:00,1684311480,"bsth","bsth","Band spread or trailing hose",21,55.23,"none","None",NA,NA,NA,NA,NA,"cereal","Cereal",8,NA,NA,NA,NA,"C"
205,392,2323,2327,3,"MAG","23G",NA,"AU","DK","Pedersen, Johanna","../../data-submitted/03/AU/ALFAM2_template_7.0_MAGspring23_231117.xlsx",2768,2831,38,NA,NA,56.493,9.5613,"Flat","A","6 B sep",0.385,"B sep",1,NA,64,2023-05-10 14:31:00,2023-05-17 06:02:00,2.5333,2.5333,2.5333,2.5333,162.13,"Dynamic chamber","chamber","Dynamic chamber",NA,1.5967,0.035015,NA,5.6357,7.4122,10.636,14.028,17.378,18.789,19.666,NA,20.873,NA,5.6357,7.4122,10.636,14.028,17.378,18.789,19.666,NA,20.873,NA,0.12359,0.16255,0.23325,0.30763,0.38111,0.41204,0.43127,NA,0.45774,9,24,65,NA,NA,NA,0.14,NA,NA,5.6,1.05,"Yes","No",NA,17.8,17.05,14.65,12.8,12.894,13.739,14.057,12.994,12.994,2,NA,NA,NA,NA,NA,NA,NA,NA,NA,NA,NA,NA,NA,NA,NA,NA,NA,NA,NA,NA,NA,NA,NA,NA,NA,NA,NA,NA,NA,NA,NA,NA,1,1,1,1,1,1,1,1,1,NA,NA,NA,NA,NA,NA,NA,NA,NA,NA,NA,NA,NA,0,0,0,0,0,0,0,NA,0,NA,0,0,0,0,0,0,0,0,0,NA,NA,NA,NA,NA,NA,NA,NA,NA,NA,NA,"mix","Mix","mix of slurry co-digested with other agricultural residues",NA,"Slurry","Mechanical separation",NA,NA,NA,7.03,NA,4.7,2.4,NA,NA,NA,7.9,FALSE,2023-05-10,2023-05-10 14:31:00,1683729060,2023-05-17 08:34:00,1684312440,"bsth","bsth","Band spread or trailing hose",19,45.6,"none","None",NA,NA,NA,NA,NA,"cereal","Cereal",8,NA,NA,NA,NA,"C"
205,392,2324,2328,3,"MAG","23G",NA,"AU","DK","Pedersen, Johanna","../../data-submitted/03/AU/ALFAM2_template_7.0_MAGspring23_231117.xlsx",2832,2895,42,NA,NA,56.493,9.5613,"Flat","A","7 C",0.385,"C",2,NA,64,2023-05-10 14:39:00,2023-05-17 06:10:00,2.5333,2.5333,2.5333,2.5333,162.13,"Dynamic chamber","chamber","Dynamic chamber",NA,1.6022,0.02901,NA,5.1659,6.3146,8.0506,9.8871,12.274,13.528,14.295,NA,15.138,NA,5.1659,6.3146,8.0506,9.8871,12.274,13.528,14.295,NA,15.138,NA,0.093535,0.11433,0.14576,0.17902,0.22223,0.24495,0.25883,NA,0.27409,9,24,65,NA,NA,NA,0.14,NA,NA,5.6,1.05,"Yes","No",NA,17.8,17.05,14.65,12.8,12.8,13.679,13.941,12.936,12.936,2,NA,NA,NA,NA,NA,NA,NA,NA,NA,NA,NA,NA,NA,NA,NA,NA,NA,NA,NA,NA,NA,NA,NA,NA,NA,NA,NA,NA,NA,NA,NA,NA,1,1,1,1,1,1,1,1,1,NA,NA,NA,NA,NA,NA,NA,NA,NA,NA,NA,NA,NA,0,0,0,0,0,0,0,NA,0,NA,0,0,0,0,0,0,0,0,0,NA,NA,NA,NA,NA,NA,NA,NA,NA,NA,NA,"mix","Mix","mix of slurry co-digested with other agricultural residues",NA,"Slurry","None",NA,NA,NA,4.34,NA,3.93,2.63,NA,NA,NA,8.2,FALSE,2023-05-10,2023-05-10 14:39:00,1683729540,2023-05-17 08:42:00,1684312920,"bsth","bsth","Band spread or trailing hose",21,55.23,"none","None",NA,NA,NA,NA,NA,"cereal","Cereal",8,NA,NA,NA,NA,"C"
205,392,2325,2329,3,"MAG","23G",NA,"AU","DK","Pedersen, Johanna","../../data-submitted/03/AU/ALFAM2_template_7.0_MAGspring23_231117.xlsx",2896,2959,39,NA,NA,56.493,9.5613,"Flat","A","8 B sep",0.385,"B sep",2,NA,64,2023-05-10 14:47:00,2023-05-17 06:18:00,2.5333,2.5333,2.5333,2.5333,162.13,"Dynamic chamber","chamber","Dynamic chamber",NA,1.6484,0.036148,NA,5.7443,7.5614,10.823,14.107,16.998,18.252,19.049,NA,19.954,NA,5.7443,7.5614,10.823,14.107,16.998,18.252,19.049,NA,19.954,NA,0.12597,0.16582,0.23736,0.30936,0.37276,0.40026,0.41774,NA,0.43758,9,24,65,NA,NA,NA,0.14,NA,NA,5.6,1.05,"Yes","No",NA,17.8,17.05,14.65,12.833,12.867,13.757,14,12.939,12.939,2,NA,NA,NA,NA,NA,NA,NA,NA,NA,NA,NA,NA,NA,NA,NA,NA,NA,NA,NA,NA,NA,NA,NA,NA,NA,NA,NA,NA,NA,NA,NA,NA,1,1,1,1,1,1,1,1,1,NA,NA,NA,NA,NA,NA,NA,NA,NA,NA,NA,NA,NA,0,0,0,0,0,0,0,NA,0,NA,0,0,0,0,0,0,0,0,0,NA,NA,NA,NA,NA,NA,NA,NA,NA,NA,NA,"mix","Mix","mix of slurry co-digested with other agricultural residues",NA,"Slurry","Mechanical separation",NA,NA,NA,7.03,NA,4.7,2.4,NA,NA,NA,7.9,FALSE,2023-05-10,2023-05-10 14:47:00,1683730020,2023-05-10 14:47:00,1683730020,"bsth","bsth","Band spread or trailing hose",19,45.6,"none","None",NA,NA,NA,NA,NA,"cereal","Cereal",8,NA,NA,NA,NA,"C"
205,393,2326,2330,3,"MAG","23H",NA,"AU","DK","Pedersen, Johanna","../../data-submitted/03/AU/ALFAM2_template_7.0_MAGspring23_231117.xlsx",2960,3014,50,NA,NA,56.493,9.5613,"Flat","A","1 F",0.385,"F",1,NA,55,2023-05-17 13:27:00,2023-05-24 06:12:00,2.5333,2.5333,2.5333,2.5333,139.33,"Dynamic chamber","chamber","Dynamic chamber",NA,1.6751,0.030456,NA,5.9911,8.1076,12.533,18.564,23.088,23.929,24.71,NA,24.833,NA,5.9911,8.1076,12.533,18.564,23.088,23.929,24.71,NA,24.833,NA,0.10893,0.14741,0.22788,0.33753,0.41977,0.43508,0.44928,NA,0.4515,9,24,65,NA,NA,NA,0.13,NA,NA,5.4,1.17,"Yes","No",NA,10.7,10.35,8.7,7.9556,9.1222,10.804,12.235,12.795,12.795,2,NA,NA,NA,NA,NA,NA,NA,NA,NA,NA,NA,NA,NA,NA,NA,NA,NA,NA,NA,NA,NA,NA,NA,NA,NA,NA,NA,NA,NA,NA,NA,NA,1,1,1,1,1,1,1,1,1,NA,NA,NA,NA,NA,NA,NA,NA,NA,NA,NA,NA,NA,0,0,0,0,0,0,0,NA,0,NA,0,0,0,0,0,0,0,0,0,NA,NA,NA,NA,NA,NA,NA,NA,NA,NA,NA,"mix","Mix","mix of slurry co-digested with other agricultural residues",NA,"Slurry","None",NA,NA,NA,6.48,NA,4.29,2.5,NA,NA,NA,8.1,FALSE,2023-05-17,2023-05-17 13:27:00,1684330020,2023-05-24 08:44:00,1684917840,"bsth","bsth","Band spread or trailing hose",22,55,"none","None",NA,NA,NA,NA,NA,"cereal","Cereal",10,NA,NA,NA,NA,"D"
205,393,2327,2331,3,"MAG","23H",NA,"AU","DK","Pedersen, Johanna","../../data-submitted/03/AU/ALFAM2_template_7.0_MAGspring23_231117.xlsx",3015,3068,57,NA,NA,56.493,9.5613,"Flat","A","10 E",0.385,"E",2,NA,54,2023-05-17 14:39:00,2023-05-24 04:52:00,2.5333,2.5333,2.5333,2.5333,136.8,"Dynamic chamber","chamber","Dynamic chamber",NA,1.471,0.028497,NA,5.3957,7.3922,11.785,19.229,23.907,24.323,24.651,NA,24.896,NA,5.3957,7.3922,11.785,19.229,23.907,24.323,24.651,NA,24.896,NA,0.10453,0.1432,0.2283,0.37251,0.46313,0.47119,0.47755,NA,0.48229,9,24,65,NA,NA,NA,0.13,NA,NA,5.4,1.17,"Yes","No",NA,10.7,9.95,8.3,8.0333,9.2278,10.946,12.378,12.844,12.844,2,NA,NA,NA,NA,NA,NA,NA,NA,NA,NA,NA,NA,NA,NA,NA,NA,NA,NA,NA,NA,NA,NA,NA,NA,NA,NA,NA,NA,NA,NA,NA,NA,1,1,1,1,1,1,1,1,1,NA,NA,NA,NA,NA,NA,NA,NA,NA,NA,NA,NA,NA,0,0,0,0,0,0,0,NA,0,NA,0,0,0,0,0,0,0,0,0,NA,NA,NA,NA,NA,NA,NA,NA,NA,NA,NA,"mix","Mix","mix of slurry co-digested with other agricultural residues",NA,"Slurry","None",NA,NA,NA,10.55,NA,4.48,1.78,NA,NA,NA,8.1,FALSE,2023-05-17,2023-05-17 14:39:00,1684334340,2023-05-24 07:24:00,1684913040,"bsth","bsth","Band spread or trailing hose",29,51.62,"none","None",NA,NA,NA,NA,NA,"cereal","Cereal",10,NA,NA,NA,NA,"D"
205,393,2328,2332,3,"MAG","23H",NA,"AU","DK","Pedersen, Johanna","../../data-submitted/03/AU/ALFAM2_template_7.0_MAGspring23_231117.xlsx",3069,3122,60,NA,NA,56.493,9.5613,"Flat","A","11 A",0.385,"A",2,NA,54,2023-05-17 14:47:00,2023-05-24 05:00:00,2.5333,2.5333,2.5333,2.5333,136.8,"Dynamic chamber","chamber","Dynamic chamber",NA,1.0538,0.018818,NA,3.8628,5.3575,8.9548,14.861,19.061,19.747,20.31,NA,20.756,NA,3.8628,5.3575,8.9548,14.861,19.061,19.747,20.31,NA,20.756,NA,0.068979,0.09567,0.15991,0.26538,0.34037,0.35263,0.36268,NA,0.37065,9,24,65,NA,NA,NA,0.13,NA,NA,5.4,1.17,"Yes","No",NA,10.7,9.95,8.3,8.2,9.3444,10.989,12.411,12.811,12.811,2,NA,NA,NA,NA,NA,NA,NA,NA,NA,NA,NA,NA,NA,NA,NA,NA,NA,NA,NA,NA,NA,NA,NA,NA,NA,NA,NA,NA,NA,NA,NA,NA,1,1,1,1,1,1,1,1,1,NA,NA,NA,NA,NA,NA,NA,NA,NA,NA,NA,NA,NA,0,0,0,0,0,0,0,NA,0,NA,0,0,0,0,0,0,0,0,0,NA,NA,NA,NA,NA,NA,NA,NA,NA,NA,NA,"mix","Mix","mix of slurry co-digested with other agricultural residues",NA,"Slurry","None",NA,NA,NA,5.61,NA,2.99,1.6,NA,NA,NA,8,FALSE,2023-05-17,2023-05-17 14:47:00,1684334820,2023-05-24 07:32:00,1684913520,"bsth","bsth","Band spread or trailing hose",35,56,"none","None",NA,NA,NA,NA,NA,"cereal","Cereal",10,NA,NA,NA,NA,"D"
205,393,2329,2333,3,"MAG","23H",NA,"AU","DK","Pedersen, Johanna","../../data-submitted/03/AU/ALFAM2_template_7.0_MAGspring23_231117.xlsx",3123,3176,51,NA,NA,56.493,9.5613,"Flat","A","12 F",0.385,"F",2,NA,54,2023-05-17 14:55:00,2023-05-24 05:08:00,2.5333,2.5333,2.5333,2.5333,136.8,"Dynamic chamber","chamber","Dynamic chamber",NA,1.5781,0.028693,NA,5.7582,7.914,12.696,19.683,24.72,26.396,27.961,NA,29.468,NA,5.7582,7.914,12.696,19.683,24.72,26.396,27.961,NA,29.468,NA,0.10469,0.14389,0.23083,0.35788,0.44945,0.47992,0.50839,NA,0.53577,9,24,65,NA,NA,NA,0.13,NA,NA,5.4,1.17,"Yes","No",NA,10.7,9.95,8.3,8.1778,9.3333,10.961,12.422,12.8,12.8,2,NA,NA,NA,NA,NA,NA,NA,NA,NA,NA,NA,NA,NA,NA,NA,NA,NA,NA,NA,NA,NA,NA,NA,NA,NA,NA,NA,NA,NA,NA,NA,NA,1,1,1,1,1,1,1,1,1,NA,NA,NA,NA,NA,NA,NA,NA,NA,NA,NA,NA,NA,0,0,0,0,0,0,0,NA,0,NA,0,0,0,0,0,0,0,0,0,NA,NA,NA,NA,NA,NA,NA,NA,NA,NA,NA,"mix","Mix","mix of slurry co-digested with other agricultural residues",NA,"Slurry","None",NA,NA,NA,6.48,NA,4.29,2.5,NA,NA,NA,8.1,FALSE,2023-05-17,2023-05-17 14:55:00,1684335300,2023-05-24 07:40:00,1684914000,"bsth","bsth","Band spread or trailing hose",22,55,"none","None",NA,NA,NA,NA,NA,"cereal","Cereal",10,NA,NA,NA,NA,"D"
205,393,2330,2334,3,"MAG","23H",NA,"AU","DK","Pedersen, Johanna","../../data-submitted/03/AU/ALFAM2_template_7.0_MAGspring23_231117.xlsx",3177,3230,58,NA,NA,56.493,9.5613,"Flat","A","13 E",0.385,"E",3,NA,54,2023-05-17 15:03:00,2023-05-24 05:16:00,2.5333,2.5333,2.5333,2.5333,136.8,"Dynamic chamber","chamber","Dynamic chamber",NA,1.163,0.022531,NA,4.4165,6.2317,10.509,18.276,24.179,25.536,26.843,NA,28.136,NA,4.4165,6.2317,10.509,18.276,24.179,25.536,26.843,NA,28.136,NA,0.085558,0.12072,0.20358,0.35405,0.4684,0.49469,0.52002,NA,0.54505,9,24,65,NA,NA,NA,0.13,NA,NA,5.4,1.17,"Yes","No",NA,10.7,9.45,8.05,8.0667,9.3778,10.989,12.4,12.789,12.789,2,NA,NA,NA,NA,NA,NA,NA,NA,NA,NA,NA,NA,NA,NA,NA,NA,NA,NA,NA,NA,NA,NA,NA,NA,NA,NA,NA,NA,NA,NA,NA,NA,1,1,1,1,1,1,1,1,1,NA,NA,NA,NA,NA,NA,NA,NA,NA,NA,NA,NA,NA,0,0,0,0,0,0,0,NA,0,NA,0,0,0,0,0,0,0,0,0,NA,NA,NA,NA,NA,NA,NA,NA,NA,NA,NA,"mix","Mix","mix of slurry co-digested with other agricultural residues",NA,"Slurry","None",NA,NA,NA,10.55,NA,4.48,1.78,NA,NA,NA,8.1,FALSE,2023-05-17,2023-05-17 15:03:00,1684335780,2023-05-24 07:48:00,1684914480,"bsth","bsth","Band spread or trailing hose",29,51.62,"none","None",NA,NA,NA,NA,NA,"cereal","Cereal",10,NA,NA,NA,NA,"D"
205,393,2331,2335,3,"MAG","23H",NA,"AU","DK","Pedersen, Johanna","../../data-submitted/03/AU/ALFAM2_template_7.0_MAGspring23_231117.xlsx",3231,3284,64,NA,NA,56.493,9.5613,"Flat","A","14 B",0.385,"B",3,NA,54,2023-05-17 15:11:00,2023-05-24 05:24:00,2.5333,2.5333,2.5333,2.5333,136.8,"Dynamic chamber","chamber","Dynamic chamber",NA,1.1826,0.022068,NA,4.3491,6.042,10.154,18.34,26.389,27.461,28.307,NA,28.921,NA,4.3491,6.042,10.154,18.34,26.389,27.461,28.307,NA,28.921,NA,0.081155,0.11274,0.18948,0.34223,0.49242,0.51243,0.52821,NA,0.53967,9,24,65,NA,NA,NA,0.13,NA,NA,5.4,1.17,"Yes","No",NA,10.7,9.45,8.05,8.0667,9.2556,11.021,12.424,12.781,12.781,2,NA,NA,NA,NA,NA,NA,NA,NA,NA,NA,NA,NA,NA,NA,NA,NA,NA,NA,NA,NA,NA,NA,NA,NA,NA,NA,NA,NA,NA,NA,NA,NA,1,1,1,1,1,1,1,1,1,NA,NA,NA,NA,NA,NA,NA,NA,NA,NA,NA,NA,NA,0,0,0,0,0,0,0,NA,0,NA,0,0,0,0,0,0,0,0,0,NA,NA,NA,NA,NA,NA,NA,NA,NA,NA,NA,"mix","Mix","mix of slurry co-digested with other agricultural residues",NA,"Slurry","None",NA,NA,NA,9.29,NA,4.76,2.33,NA,NA,NA,8.4,FALSE,2023-05-17,2023-05-17 15:11:00,1684336260,2023-05-24 07:56:00,1684914960,"bsth","bsth","Band spread or trailing hose",23,53.59,"none","None",NA,NA,NA,NA,NA,"cereal","Cereal",10,NA,NA,NA,NA,"D"
205,393,2332,2336,3,"MAG","23H",NA,"AU","DK","Pedersen, Johanna","../../data-submitted/03/AU/ALFAM2_template_7.0_MAGspring23_231117.xlsx",3285,3338,52,NA,NA,56.493,9.5613,"Flat","A","15 F",0.385,"F",3,NA,54,2023-05-17 15:19:00,2023-05-24 05:32:00,2.5333,2.5333,2.5333,2.5333,136.8,"Dynamic chamber","chamber","Dynamic chamber",NA,1.6475,0.029955,NA,6.0266,8.2725,13.183,20.071,24.386,25.433,26.281,NA,26.767,NA,6.0266,8.2725,13.183,20.071,24.386,25.433,26.281,NA,26.767,NA,0.10958,0.15041,0.23969,0.36493,0.44337,0.46241,0.47783,NA,0.48668,9,24,65,NA,NA,NA,0.13,NA,NA,5.4,1.17,"Yes","No",NA,10.7,9.45,8.05,8.3111,9.3778,10.989,12.4,12.772,12.772,2,NA,NA,NA,NA,NA,NA,NA,NA,NA,NA,NA,NA,NA,NA,NA,NA,NA,NA,NA,NA,NA,NA,NA,NA,NA,NA,NA,NA,NA,NA,NA,NA,1,1,1,1,1,1,1,1,1,NA,NA,NA,NA,NA,NA,NA,NA,NA,NA,NA,NA,NA,0,0,0,0,0,0,0,NA,0,NA,0,0,0,0,0,0,0,0,0,NA,NA,NA,NA,NA,NA,NA,NA,NA,NA,NA,"mix","Mix","mix of slurry co-digested with other agricultural residues",NA,"Slurry","None",NA,NA,NA,6.48,NA,4.29,2.5,NA,NA,NA,8.1,FALSE,2023-05-17,2023-05-17 15:19:00,1684336740,2023-05-24 08:04:00,1684915440,"bsth","bsth","Band spread or trailing hose",22,55,"none","None",NA,NA,NA,NA,NA,"cereal","Cereal",10,NA,NA,NA,NA,"D"
205,393,2333,2337,3,"MAG","23H",NA,"AU","DK","Pedersen, Johanna","../../data-submitted/03/AU/ALFAM2_template_7.0_MAGspring23_231117.xlsx",3339,3392,55,NA,NA,56.493,9.5613,"Flat","A","17 D",0.385,"D",3,NA,54,2023-05-17 15:35:00,2023-05-24 05:48:00,2.5333,2.5333,2.5333,2.5333,136.8,"Dynamic chamber","chamber","Dynamic chamber",NA,1.3656,0.026465,NA,4.9223,6.673,10.272,14.896,17.769,18.406,18.927,NA,19.171,NA,4.9223,6.673,10.272,14.896,17.769,18.406,18.927,NA,19.171,NA,0.095393,0.12932,0.19908,0.28869,0.34436,0.35671,0.3668,NA,0.37154,9,24,65,NA,NA,NA,0.13,NA,NA,5.4,1.17,"Yes","No",NA,10,9.1,7.775,8.1778,9.4556,11.036,12.465,12.833,12.833,2,NA,NA,NA,NA,NA,NA,NA,NA,NA,NA,NA,NA,NA,NA,NA,NA,NA,NA,NA,NA,NA,NA,NA,NA,NA,NA,NA,NA,NA,NA,NA,NA,1,1,1,1,1,1,1,1,1,NA,NA,NA,NA,NA,NA,NA,NA,NA,NA,NA,NA,NA,0,0,0,0,0,0,0,NA,0,NA,0,0,0,0,0,0,0,0,0,NA,NA,NA,NA,NA,NA,NA,NA,NA,NA,NA,"mix","Mix","mix of slurry co-digested with other agricultural residues",NA,"Slurry","None",NA,NA,NA,5.91,NA,4.19,2.58,NA,NA,NA,8,FALSE,2023-05-17,2023-05-17 15:35:00,1684337700,2023-05-24 08:20:00,1684916400,"bsth","bsth","Band spread or trailing hose",20,51.6,"none","None",NA,NA,NA,NA,NA,"cereal","Cereal",10,NA,NA,NA,NA,"D"
205,393,2334,2338,3,"MAG","23H",NA,"AU","DK","Pedersen, Johanna","../../data-submitted/03/AU/ALFAM2_template_7.0_MAGspring23_231117.xlsx",3393,3446,61,NA,NA,56.493,9.5613,"Flat","A","18 A",0.385,"A",3,NA,54,2023-05-17 15:43:00,2023-05-24 05:56:00,2.5333,2.5333,2.5333,2.5333,136.8,"Dynamic chamber","chamber","Dynamic chamber",NA,1.0535,0.018812,NA,3.8572,5.3464,8.8455,14.418,18.388,19.07,19.652,NA,20.061,NA,3.8572,5.3464,8.8455,14.418,18.388,19.07,19.652,NA,20.061,NA,0.068879,0.095471,0.15796,0.25747,0.32836,0.34053,0.35094,NA,0.35823,9,24,65,NA,NA,NA,0.13,NA,NA,5.4,1.17,"Yes","No",NA,10,9.1,7.775,8.1778,9.3667,11.068,12.489,12.839,12.839,2,NA,NA,NA,NA,NA,NA,NA,NA,NA,NA,NA,NA,NA,NA,NA,NA,NA,NA,NA,NA,NA,NA,NA,NA,NA,NA,NA,NA,NA,NA,NA,NA,1,1,1,1,1,1,1,1,1,NA,NA,NA,NA,NA,NA,NA,NA,NA,NA,NA,NA,NA,0,0,0,0,0,0,0,NA,0,NA,0,0,0,0,0,0,0,0,0,NA,NA,NA,NA,NA,NA,NA,NA,NA,NA,NA,"mix","Mix","mix of slurry co-digested with other agricultural residues",NA,"Slurry","None",NA,NA,NA,5.61,NA,2.99,1.6,NA,NA,NA,8,FALSE,2023-05-17,2023-05-17 15:43:00,1684338180,2023-05-24 08:28:00,1684916880,"bsth","bsth","Band spread or trailing hose",35,56,"none","None",NA,NA,NA,NA,NA,"cereal","Cereal",10,NA,NA,NA,NA,"D"
205,393,2335,2339,3,"MAG","23H",NA,"AU","DK","Pedersen, Johanna","../../data-submitted/03/AU/ALFAM2_template_7.0_MAGspring23_231117.xlsx",3447,3501,53,NA,NA,56.493,9.5613,"Flat","A","2 D",0.385,"D",1,NA,55,2023-05-17 13:35:00,2023-05-24 06:20:00,2.5333,2.5333,2.5333,2.5333,139.33,"Dynamic chamber","chamber","Dynamic chamber",NA,1.5009,0.029087,NA,5.5199,7.5991,11.853,16.648,20.031,20.595,21.242,NA,21.238,NA,5.5199,7.5991,11.853,16.648,20.031,20.595,21.242,NA,21.238,NA,0.10698,0.14727,0.22971,0.32263,0.3882,0.39913,0.41167,NA,0.41159,9,24,65,NA,NA,NA,0.13,NA,NA,5.4,1.17,"Yes","No",NA,11.1,10.55,8.8,8,9.1556,10.825,12.251,12.809,12.809,2,NA,NA,NA,NA,NA,NA,NA,NA,NA,NA,NA,NA,NA,NA,NA,NA,NA,NA,NA,NA,NA,NA,NA,NA,NA,NA,NA,NA,NA,NA,NA,NA,1,1,1,1,1,1,1,1,1,NA,NA,NA,NA,NA,NA,NA,NA,NA,NA,NA,NA,NA,0,0,0,0,0,0,0,NA,0,NA,0,0,0,0,0,0,0,0,0,NA,NA,NA,NA,NA,NA,NA,NA,NA,NA,NA,"mix","Mix","mix of slurry co-digested with other agricultural residues",NA,"Slurry","None",NA,NA,NA,5.91,NA,4.19,2.58,NA,NA,NA,8,FALSE,2023-05-17,2023-05-17 13:35:00,1684330500,2023-05-24 08:52:00,1684918320,"bsth","bsth","Band spread or trailing hose",20,51.6,"none","None",NA,NA,NA,NA,NA,"cereal","Cereal",10,NA,NA,NA,NA,"D"
205,393,2336,2340,3,"MAG","23H",NA,"AU","DK","Pedersen, Johanna","../../data-submitted/03/AU/ALFAM2_template_7.0_MAGspring23_231117.xlsx",3502,3556,56,NA,NA,56.493,9.5613,"Flat","A","3 E",0.385,"E",1,NA,55,2023-05-17 13:43:00,2023-05-24 06:28:00,2.5333,2.5333,2.5333,2.5333,139.33,"Dynamic chamber","chamber","Dynamic chamber",NA,1.4317,0.027736,NA,5.3222,7.3226,11.538,18.39,24.487,25.826,26.777,NA,27.201,NA,5.3222,7.3226,11.538,18.39,24.487,25.826,26.777,NA,27.201,NA,0.1031,0.14186,0.22352,0.35626,0.47438,0.50031,0.51873,NA,0.52694,9,24,65,NA,NA,NA,0.13,NA,NA,5.4,1.17,"Yes","No",NA,11.1,10.55,8.8,8,9.1833,10.896,12.305,12.818,12.818,2,NA,NA,NA,NA,NA,NA,NA,NA,NA,NA,NA,NA,NA,NA,NA,NA,NA,NA,NA,NA,NA,NA,NA,NA,NA,NA,NA,NA,NA,NA,NA,NA,1,1,1,1,1,1,1,1,1,NA,NA,NA,NA,NA,NA,NA,NA,NA,NA,NA,NA,NA,0,0,0,0,0,0,0,NA,0,NA,0,0,0,0,0,0,0,0,0,NA,NA,NA,NA,NA,NA,NA,NA,NA,NA,NA,"mix","Mix","mix of slurry co-digested with other agricultural residues",NA,"Slurry","None",NA,NA,NA,10.55,NA,4.48,1.78,NA,NA,NA,8.1,FALSE,2023-05-17,2023-05-17 13:43:00,1684330980,2023-05-24 09:00:00,1684918800,"bsth","bsth","Band spread or trailing hose",29,51.62,"none","None",NA,NA,NA,NA,NA,"cereal","Cereal",10,NA,NA,NA,NA,"D"
205,393,2337,2341,3,"MAG","23H",NA,"AU","DK","Pedersen, Johanna","../../data-submitted/03/AU/ALFAM2_template_7.0_MAGspring23_231117.xlsx",3557,3611,62,NA,NA,56.493,9.5613,"Flat","A","4 B",0.385,"B",1,NA,55,2023-05-17 13:51:00,2023-05-24 06:36:00,2.5333,2.5333,2.5333,2.5333,139.33,"Dynamic chamber","chamber","Dynamic chamber",NA,1.268,0.023661,NA,4.6299,6.338,10.2,17.208,25.249,26.645,27.472,NA,27.43,NA,4.6299,6.338,10.2,17.208,25.249,26.645,27.472,NA,27.43,NA,0.086395,0.11827,0.19033,0.32111,0.47115,0.49721,0.51263,NA,0.51184,9,24,65,NA,NA,NA,0.13,NA,NA,5.4,1.17,"Yes","No",NA,11.1,10.55,8.8,8.0778,9.2222,10.85,12.27,12.807,12.807,2,NA,NA,NA,NA,NA,NA,NA,NA,NA,NA,NA,NA,NA,NA,NA,NA,NA,NA,NA,NA,NA,NA,NA,NA,NA,NA,NA,NA,NA,NA,NA,NA,1,1,1,1,1,1,1,1,1,NA,NA,NA,NA,NA,NA,NA,NA,NA,NA,NA,NA,NA,0,0,0,0,0,0,0,NA,0,NA,0,0,0,0,0,0,0,0,0,NA,NA,NA,NA,NA,NA,NA,NA,NA,NA,NA,"mix","Mix","mix of slurry co-digested with other agricultural residues",NA,"Slurry","None",NA,NA,NA,9.29,NA,4.76,2.33,NA,NA,NA,8.4,FALSE,2023-05-17,2023-05-17 13:51:00,1684331460,2023-05-24 09:08:00,1684919280,"bsth","bsth","Band spread or trailing hose",23,53.59,"none","None",NA,NA,NA,NA,NA,"cereal","Cereal",10,NA,NA,NA,NA,"D"
205,393,2338,2342,3,"MAG","23H",NA,"AU","DK","Pedersen, Johanna","../../data-submitted/03/AU/ALFAM2_template_7.0_MAGspring23_231117.xlsx",3612,3666,59,NA,NA,56.493,9.5613,"Flat","A","6 A",0.385,"A",1,NA,55,2023-05-17 14:07:00,2023-05-24 06:52:00,2.5333,2.5333,2.5333,2.5333,139.33,"Dynamic chamber","chamber","Dynamic chamber",NA,0.95496,0.017053,NA,3.4668,4.8315,8.2038,13.586,18.245,19.379,20.249,NA,20.423,NA,3.4668,4.8315,8.2038,13.586,18.245,19.379,20.249,NA,20.423,NA,0.061908,0.086276,0.1465,0.2426,0.32581,0.34605,0.36158,NA,0.36469,9,24,65,NA,NA,NA,0.13,NA,NA,5.4,1.17,"Yes","No",NA,11.1,10.15,8.525,7.9556,9.2,10.882,12.281,12.784,12.784,2,NA,NA,NA,NA,NA,NA,NA,NA,NA,NA,NA,NA,NA,NA,NA,NA,NA,NA,NA,NA,NA,NA,NA,NA,NA,NA,NA,NA,NA,NA,NA,NA,1,1,1,1,1,1,1,1,1,NA,NA,NA,NA,NA,NA,NA,NA,NA,NA,NA,NA,NA,0,0,0,0,0,0,0,NA,0,NA,0,0,0,0,0,0,0,0,0,NA,NA,NA,NA,NA,NA,NA,NA,NA,NA,NA,"mix","Mix","mix of slurry co-digested with other agricultural residues",NA,"Slurry","None",NA,NA,NA,5.61,NA,2.99,1.6,NA,NA,NA,8,FALSE,2023-05-17,2023-05-17 14:07:00,1684332420,2023-05-24 09:24:00,1684920240,"bsth","bsth","Band spread or trailing hose",35,56,"none","None",NA,NA,NA,NA,NA,"cereal","Cereal",10,NA,NA,NA,NA,"D"
205,393,2339,2343,3,"MAG","23H",NA,"AU","DK","Pedersen, Johanna","../../data-submitted/03/AU/ALFAM2_template_7.0_MAGspring23_231117.xlsx",3667,3721,54,NA,NA,56.493,9.5613,"Flat","A","7 D",0.385,"D",2,NA,55,2023-05-17 14:15:00,2023-05-24 07:00:00,2.5333,2.5333,2.5333,2.5333,139.33,"Dynamic chamber","chamber","Dynamic chamber",NA,1.416,0.027443,NA,5.2032,7.1868,11.522,17.098,20.944,21.885,22.629,NA,22.66,NA,5.2032,7.1868,11.522,17.098,20.944,21.885,22.629,NA,22.66,NA,0.10084,0.13928,0.2233,0.33135,0.40589,0.42413,0.43856,NA,0.43914,9,24,65,NA,NA,NA,0.13,NA,NA,5.4,1.17,"Yes","No",NA,11.1,10.15,8.525,8.0667,9.2667,11.011,12.378,12.822,12.822,2,NA,NA,NA,NA,NA,NA,NA,NA,NA,NA,NA,NA,NA,NA,NA,NA,NA,NA,NA,NA,NA,NA,NA,NA,NA,NA,NA,NA,NA,NA,NA,NA,1,1,1,1,1,1,1,1,1,NA,NA,NA,NA,NA,NA,NA,NA,NA,NA,NA,NA,NA,0,0,0,0,0,0,0,NA,0,NA,0,0,0,0,0,0,0,0,0,NA,NA,NA,NA,NA,NA,NA,NA,NA,NA,NA,"mix","Mix","mix of slurry co-digested with other agricultural residues",NA,"Slurry","None",NA,NA,NA,5.91,NA,4.19,2.58,NA,NA,NA,8,FALSE,2023-05-17,2023-05-17 14:15:00,1684332900,2023-05-24 09:32:00,1684920720,"bsth","bsth","Band spread or trailing hose",20,51.6,"none","None",NA,NA,NA,NA,NA,"cereal","Cereal",10,NA,NA,NA,NA,"D"
205,393,2340,2344,3,"MAG","23H",NA,"AU","DK","Pedersen, Johanna","../../data-submitted/03/AU/ALFAM2_template_7.0_MAGspring23_231117.xlsx",3722,3776,63,NA,NA,56.493,9.5613,"Flat","A","8 B",0.385,"B",2,NA,55,2023-05-17 14:23:00,2023-05-24 07:08:00,2.5333,2.5333,2.5333,2.5333,139.33,"Dynamic chamber","chamber","Dynamic chamber",NA,1.291,0.024089,NA,4.7866,6.6257,10.856,18.408,26.044,27.3,28.123,NA,28.435,NA,4.7866,6.6257,10.856,18.408,26.044,27.3,28.123,NA,28.435,NA,0.089319,0.12364,0.20257,0.34349,0.48599,0.50943,0.52478,NA,0.5306,9,24,65,NA,NA,NA,0.13,NA,NA,5.4,1.17,"Yes","No",NA,11.1,10.15,8.525,8.1333,9.3,10.968,12.389,12.842,12.842,2,NA,NA,NA,NA,NA,NA,NA,NA,NA,NA,NA,NA,NA,NA,NA,NA,NA,NA,NA,NA,NA,NA,NA,NA,NA,NA,NA,NA,NA,NA,NA,NA,1,1,1,1,1,1,1,1,1,NA,NA,NA,NA,NA,NA,NA,NA,NA,NA,NA,NA,NA,0,0,0,0,0,0,0,NA,0,NA,0,0,0,0,0,0,0,0,0,NA,NA,NA,NA,NA,NA,NA,NA,NA,NA,NA,"mix","Mix","mix of slurry co-digested with other agricultural residues",NA,"Slurry","None",NA,NA,NA,9.29,NA,4.76,2.33,NA,NA,NA,8.4,FALSE,2023-05-17,2023-05-17 14:23:00,1684333380,2023-05-24 09:40:00,1684921200,"bsth","bsth","Band spread or trailing hose",23,53.59,"none","None",NA,NA,NA,NA,NA,"cereal","Cereal",10,NA,NA,NA,NA,"D"
205,394,2341,2345,3,"MAG","23I",NA,"AU","DK","Pedersen, Johanna","../../data-submitted/03/AU/ALFAM2_template_7.0_MAGspring23_231117.xlsx",3777,3839,65,NA,NA,56.493,9.5613,"Flat","A","1 C",0.385,"C",1,NA,63,2023-05-24 13:51:00,2023-05-31 02:50:00,2.5333,2.5333,2.5333,2.5333,159.6,"Dynamic chamber","chamber","Dynamic chamber",NA,1.4944,0.025827,NA,5.4432,7.2577,9.8696,12.923,15.701,17.311,18.545,NA,20.62,NA,5.4432,7.2577,9.8696,12.923,15.701,17.311,18.545,NA,20.62,NA,0.094075,0.12544,0.17058,0.22335,0.27137,0.29918,0.32051,NA,0.35637,9,24,65,NA,NA,NA,0.19,NA,NA,5.2,1.03,"Yes","No",NA,17.2,17.05,14.225,11.9,11.15,10.786,11.154,11.686,11.686,2,NA,NA,NA,NA,NA,NA,NA,NA,NA,NA,NA,NA,NA,NA,NA,NA,NA,NA,NA,NA,NA,NA,NA,NA,NA,NA,NA,NA,NA,NA,NA,NA,1,1,1,1,1,1,1,1,1,NA,NA,NA,NA,NA,NA,NA,NA,NA,NA,NA,NA,NA,0,0,0,0,0,0,0,NA,0,NA,0,0,0,0,0,0,0,0,0,NA,NA,NA,NA,NA,NA,NA,NA,NA,NA,NA,"mix","Mix","mix of slurry co-digested with other agricultural residues",NA,"Slurry","None",NA,NA,NA,4.52,NA,4.1,2.63,NA,NA,NA,8,FALSE,2023-05-24,2023-05-24 13:51:00,1684936260,2023-05-31 05:22:00,1685510520,"bsth","bsth","Band spread or trailing hose",22,57.86,"none","None",NA,NA,NA,NA,NA,"cereal","Cereal",9,NA,NA,NA,NA,"E"
205,394,2342,2346,3,"MAG","23I",NA,"AU","DK","Pedersen, Johanna","../../data-submitted/03/AU/ALFAM2_template_7.0_MAGspring23_231117.xlsx",3840,3902,66,NA,NA,56.493,9.5613,"Flat","A","10 C",0.385,"C",2,NA,63,2023-05-24 15:03:00,2023-05-31 04:02:00,2.5333,2.5333,2.5333,2.5333,159.6,"Dynamic chamber","chamber","Dynamic chamber",NA,1.6525,0.028561,NA,5.8662,7.6685,10.373,13.518,15.979,17.136,17.95,NA,19.061,NA,5.8662,7.6685,10.373,13.518,15.979,17.136,17.95,NA,19.061,NA,0.10139,0.13254,0.17927,0.23364,0.27617,0.29617,0.31023,NA,0.32943,9,24,65,NA,NA,NA,0.19,NA,NA,5.2,1.03,"Yes","No",NA,17.1,15.75,12.975,11.567,11.056,10.789,11.141,11.63,11.63,2,NA,NA,NA,NA,NA,NA,NA,NA,NA,NA,NA,NA,NA,NA,NA,NA,NA,NA,NA,NA,NA,NA,NA,NA,NA,NA,NA,NA,NA,NA,NA,NA,1,1,1,1,1,1,1,1,1,NA,NA,NA,NA,NA,NA,NA,NA,NA,NA,NA,NA,NA,0,0,0,0,0,0,0,NA,0,NA,0,0,0,0,0,0,0,0,0,NA,NA,NA,NA,NA,NA,NA,NA,NA,NA,NA,"mix","Mix","mix of slurry co-digested with other agricultural residues",NA,"Slurry","None",NA,NA,NA,4.52,NA,4.1,2.63,NA,NA,NA,8,FALSE,2023-05-24,2023-05-24 15:03:00,1684940580,2023-05-31 06:34:00,1685514840,"bsth","bsth","Band spread or trailing hose",22,57.86,"none","None",NA,NA,NA,NA,NA,"cereal","Cereal",9,NA,NA,NA,NA,"E"
205,394,2343,2347,3,"MAG","23I",NA,"AU","DK","Pedersen, Johanna","../../data-submitted/03/AU/ALFAM2_template_7.0_MAGspring23_231117.xlsx",3903,3965,75,NA,NA,56.493,9.5613,"Flat","A","11 A",0.385,"A",2,NA,63,2023-05-24 15:11:00,2023-05-31 04:10:00,2.5333,2.5333,2.5333,2.5333,159.6,"Dynamic chamber","chamber","Dynamic chamber",NA,1.5128,0.031549,NA,5.3289,6.9953,9.9237,13.7,16.429,17.606,18.339,NA,19.314,NA,5.3289,6.9953,9.9237,13.7,16.429,17.606,18.339,NA,19.314,NA,0.11113,0.14589,0.20696,0.28572,0.34264,0.36717,0.38246,NA,0.4028,9,24,65,NA,NA,NA,0.19,NA,NA,5.2,1.03,"Yes","No",NA,17.1,15.75,12.975,11.567,10.983,10.764,11.1,11.598,11.598,2,NA,NA,NA,NA,NA,NA,NA,NA,NA,NA,NA,NA,NA,NA,NA,NA,NA,NA,NA,NA,NA,NA,NA,NA,NA,NA,NA,NA,NA,NA,NA,NA,1,1,1,1,1,1,1,1,1,NA,NA,NA,NA,NA,NA,NA,NA,NA,NA,NA,NA,NA,0,0,0,0,0,0,0,NA,0,NA,0,0,0,0,0,0,0,0,0,NA,NA,NA,NA,NA,NA,NA,NA,NA,NA,NA,"mix","Mix","mix of slurry co-digested with other agricultural residues",NA,"Slurry","None",NA,NA,NA,5.68,NA,3.03,1.37,NA,NA,NA,7.7,FALSE,2023-05-24,2023-05-24 15:11:00,1684941060,2023-05-31 06:42:00,1685515320,"bsth","bsth","Band spread or trailing hose",35,47.95,"none","None",NA,NA,NA,NA,NA,"cereal","Cereal",9,NA,NA,NA,NA,"E"
205,394,2344,2348,3,"MAG","23I",NA,"AU","DK","Pedersen, Johanna","../../data-submitted/03/AU/ALFAM2_template_7.0_MAGspring23_231117.xlsx",3966,4028,69,NA,NA,56.493,9.5613,"Flat","A","12 G",0.385,"G",2,NA,63,2023-05-24 15:19:00,2023-05-31 04:18:00,2.5333,2.5333,2.5333,2.5333,159.6,"Dynamic chamber","chamber","Dynamic chamber",NA,2.4203,0.046358,NA,8.0972,10.168,13.153,17.016,20.211,22.064,23.644,NA,26.724,NA,8.0972,10.168,13.153,17.016,20.211,22.064,23.644,NA,26.724,NA,0.15509,0.19476,0.25192,0.32592,0.3871,0.42259,0.45286,NA,0.51185,9,24,65,NA,NA,NA,0.19,NA,NA,5.2,1.03,"Yes","No",NA,17.1,15.75,12.975,11.689,11.044,10.796,11.124,11.616,11.616,2,NA,NA,NA,NA,NA,NA,NA,NA,NA,NA,NA,NA,NA,NA,NA,NA,NA,NA,NA,NA,NA,NA,NA,NA,NA,NA,NA,NA,NA,NA,NA,NA,1,1,1,1,1,1,1,1,1,NA,NA,NA,NA,NA,NA,NA,NA,NA,NA,NA,NA,NA,0,0,0,0,0,0,0,NA,0,NA,0,0,0,0,0,0,0,0,0,NA,NA,NA,NA,NA,NA,NA,NA,NA,NA,NA,"mix","Mix","mix of slurry co-digested with other agricultural residues",NA,"Slurry","None",NA,NA,NA,7.58,NA,4.16,2.27,NA,NA,NA,7.6,FALSE,2023-05-24,2023-05-24 15:19:00,1684941540,2023-05-31 06:50:00,1685515800,"bsth","bsth","Band spread or trailing hose",23,52.21,"none","None",NA,NA,NA,NA,NA,"cereal","Cereal",9,NA,NA,NA,NA,"E"
205,394,2345,2349,3,"MAG","23I",NA,"AU","DK","Pedersen, Johanna","../../data-submitted/03/AU/ALFAM2_template_7.0_MAGspring23_231117.xlsx",4029,4091,79,NA,NA,56.493,9.5613,"Flat","A","13 I",0.385,"I",3,NA,63,2023-05-24 15:27:00,2023-05-31 04:26:00,2.5333,2.5333,2.5333,2.5333,159.6,"Dynamic chamber","chamber","Dynamic chamber",NA,1.9494,0.036547,NA,6.6489,8.5121,11.393,15.21,18.542,20.566,22.188,NA,25.262,NA,6.6489,8.5121,11.393,15.21,18.542,20.566,22.188,NA,25.262,NA,0.12465,0.15958,0.21358,0.28514,0.34762,0.38557,0.41598,NA,0.47361,9,24,65,NA,NA,NA,0.19,NA,NA,5.2,1.03,"Yes","No",NA,17.1,15.75,12.7,11.556,10.994,10.746,11.119,11.594,11.594,2,NA,NA,NA,NA,NA,NA,NA,NA,NA,NA,NA,NA,NA,NA,NA,NA,NA,NA,NA,NA,NA,NA,NA,NA,NA,NA,NA,NA,NA,NA,NA,NA,1,1,1,1,1,1,1,1,1,NA,NA,NA,NA,NA,NA,NA,NA,NA,NA,NA,NA,NA,0,0,0,0,0,0,0,NA,0,NA,0,0,0,0,0,0,0,0,0,NA,NA,NA,NA,NA,NA,NA,NA,NA,NA,NA,"mix","Mix","mix of slurry co-digested with other agricultural residues",NA,"Slurry","None",NA,NA,NA,5.93,NA,4.53,2.54,NA,NA,NA,7.7,FALSE,2023-05-24,2023-05-24 15:27:00,1684942020,2023-05-31 06:58:00,1685516280,"bsth","bsth","Band spread or trailing hose",21,53.34,"none","None",NA,NA,NA,NA,NA,"cereal","Cereal",9,NA,NA,NA,NA,"E"
205,394,2346,2350,3,"MAG","23I",NA,"AU","DK","Pedersen, Johanna","../../data-submitted/03/AU/ALFAM2_template_7.0_MAGspring23_231117.xlsx",4092,4154,70,NA,NA,56.493,9.5613,"Flat","A","14 G",0.385,"G",3,NA,63,2023-05-24 15:35:00,2023-05-31 04:34:00,2.5333,2.5333,2.5333,2.5333,159.6,"Dynamic chamber","chamber","Dynamic chamber",NA,2.4478,0.046883,NA,8.2183,10.397,13.772,17.858,20.773,22.281,23.353,NA,24.99,NA,8.2183,10.397,13.772,17.858,20.773,22.281,23.353,NA,24.99,NA,0.15741,0.19914,0.26377,0.34203,0.39788,0.42675,0.44729,NA,0.47865,9,24,65,NA,NA,NA,0.19,NA,NA,5.2,1.03,"Yes","No",NA,16.9,15.65,12.65,11.533,11.006,10.754,11.089,11.573,11.573,2,NA,NA,NA,NA,NA,NA,NA,NA,NA,NA,NA,NA,NA,NA,NA,NA,NA,NA,NA,NA,NA,NA,NA,NA,NA,NA,NA,NA,NA,NA,NA,NA,1,1,1,1,1,1,1,1,1,NA,NA,NA,NA,NA,NA,NA,NA,NA,NA,NA,NA,NA,0,0,0,0,0,0,0,NA,0,NA,0,0,0,0,0,0,0,0,0,NA,NA,NA,NA,NA,NA,NA,NA,NA,NA,NA,"mix","Mix","mix of slurry co-digested with other agricultural residues",NA,"Slurry","None",NA,NA,NA,7.58,NA,4.16,2.27,NA,NA,NA,7.6,FALSE,2023-05-24,2023-05-24 15:35:00,1684942500,2023-05-31 07:06:00,1685516760,"bsth","bsth","Band spread or trailing hose",23,52.21,"none","None",NA,NA,NA,NA,NA,"cereal","Cereal",9,NA,NA,NA,NA,"E"
205,394,2347,2351,3,"MAG","23I",NA,"AU","DK","Pedersen, Johanna","../../data-submitted/03/AU/ALFAM2_template_7.0_MAGspring23_231117.xlsx",4155,4217,67,NA,NA,56.493,9.5613,"Flat","A","15 C",0.385,"C",3,NA,63,2023-05-24 15:43:00,2023-05-31 04:42:00,2.5333,2.5333,2.5333,2.5333,159.6,"Dynamic chamber","chamber","Dynamic chamber",NA,1.5757,0.027233,NA,5.4812,7.0471,9.5596,13.586,16.768,18.395,19.615,NA,21.614,NA,5.4812,7.0471,9.5596,13.586,16.768,18.395,19.615,NA,21.614,NA,0.094733,0.1218,0.16522,0.2348,0.2898,0.31793,0.339,NA,0.37356,9,24,65,NA,NA,NA,0.19,NA,NA,5.2,1.03,"Yes","No",NA,16.9,15.65,12.65,11.533,10.944,10.75,11.095,11.575,11.575,2,NA,NA,NA,NA,NA,NA,NA,NA,NA,NA,NA,NA,NA,NA,NA,NA,NA,NA,NA,NA,NA,NA,NA,NA,NA,NA,NA,NA,NA,NA,NA,NA,1,1,1,1,1,1,1,1,1,NA,NA,NA,NA,NA,NA,NA,NA,NA,NA,NA,NA,NA,0,0,0,0,0,0,0,NA,0,NA,0,0,0,0,0,0,0,0,0,NA,NA,NA,NA,NA,NA,NA,NA,NA,NA,NA,"mix","Mix","mix of slurry co-digested with other agricultural residues",NA,"Slurry","None",NA,NA,NA,4.52,NA,4.1,2.63,NA,NA,NA,8,FALSE,2023-05-24,2023-05-24 15:43:00,1684942980,2023-05-31 07:14:00,1685517240,"bsth","bsth","Band spread or trailing hose",22,57.86,"none","None",NA,NA,NA,NA,NA,"cereal","Cereal",9,NA,NA,NA,NA,"E"
205,394,2348,2352,3,"MAG","23I",NA,"AU","DK","Pedersen, Johanna","../../data-submitted/03/AU/ALFAM2_template_7.0_MAGspring23_231117.xlsx",4218,4279,76,NA,NA,56.493,9.5613,"Flat","A","17 A",0.385,"A",3,NA,62,2023-05-24 15:59:00,2023-05-31 02:26:00,2.5333,2.5333,2.5333,2.5333,157.07,"Dynamic chamber","chamber","Dynamic chamber",NA,1.4453,0.030143,NA,5.0263,6.5721,9.3787,13.072,15.535,16.607,17.26,NA,17.979,NA,5.0263,6.5721,9.3787,13.072,15.535,16.607,17.26,NA,17.979,NA,0.10482,0.13706,0.19559,0.27262,0.32399,0.34634,0.35996,NA,0.37495,9,24,65,NA,NA,NA,0.19,NA,NA,5.2,1.03,"Yes","No",NA,16.9,14.85,12.125,11.411,10.911,10.711,11.073,11.594,11.594,2,NA,NA,NA,NA,NA,NA,NA,NA,NA,NA,NA,NA,NA,NA,NA,NA,NA,NA,NA,NA,NA,NA,NA,NA,NA,NA,NA,NA,NA,NA,NA,NA,1,1,1,1,1,1,1,1,1,NA,NA,NA,NA,NA,NA,NA,NA,NA,NA,NA,NA,NA,0,0,0,0,0,0,0,NA,0,NA,0,0,0,0,0,0,0,0,0,NA,NA,NA,NA,NA,NA,NA,NA,NA,NA,NA,"mix","Mix","mix of slurry co-digested with other agricultural residues",NA,"Slurry","None",NA,NA,NA,5.68,NA,3.03,1.37,NA,NA,NA,7.7,FALSE,2023-05-24,2023-05-24 15:59:00,1684943940,2023-05-31 04:58:00,1685509080,"bsth","bsth","Band spread or trailing hose",35,47.95,"none","None",NA,NA,NA,NA,NA,"cereal","Cereal",9,NA,NA,NA,NA,"E"
205,394,2349,2353,3,"MAG","23I",NA,"AU","DK","Pedersen, Johanna","../../data-submitted/03/AU/ALFAM2_template_7.0_MAGspring23_231117.xlsx",4280,4341,73,NA,NA,56.493,9.5613,"Flat","A","18 H",0.385,"H",3,NA,62,2023-05-24 16:07:00,2023-05-31 02:34:00,2.5333,2.5333,2.5333,2.5333,157.07,"Dynamic chamber","chamber","Dynamic chamber",NA,1.7993,0.041175,NA,6.1603,7.9914,11.311,15.636,18.488,19.8,20.693,NA,21.92,NA,6.1603,7.9914,11.311,15.636,18.488,19.8,20.693,NA,21.92,NA,0.14097,0.18287,0.25883,0.35781,0.42307,0.4531,0.47352,NA,0.50161,9,24,65,NA,NA,NA,0.19,NA,NA,5.2,1.03,"Yes","No",NA,16.9,14.85,12.125,11.411,10.917,10.714,11.038,11.561,11.561,2,NA,NA,NA,NA,NA,NA,NA,NA,NA,NA,NA,NA,NA,NA,NA,NA,NA,NA,NA,NA,NA,NA,NA,NA,NA,NA,NA,NA,NA,NA,NA,NA,1,1,1,1,1,1,1,1,1,NA,NA,NA,NA,NA,NA,NA,NA,NA,NA,NA,NA,NA,0,0,0,0,0,0,0,NA,0,NA,0,0,0,0,0,0,0,0,0,NA,NA,NA,NA,NA,NA,NA,NA,NA,NA,NA,"mix","Mix","mix of slurry co-digested with other agricultural residues",NA,"Slurry","None",NA,NA,NA,8.73,NA,3.62,1.9,NA,NA,NA,8.1,FALSE,2023-05-24,2023-05-24 16:07:00,1684944420,2023-05-31 05:06:00,1685509560,"bsth","bsth","Band spread or trailing hose",23,43.7,"none","None",NA,NA,NA,NA,NA,"cereal","Cereal",9,NA,NA,NA,NA,"E"
205,394,2350,2354,3,"MAG","23I",NA,"AU","DK","Pedersen, Johanna","../../data-submitted/03/AU/ALFAM2_template_7.0_MAGspring23_231117.xlsx",4342,4404,68,NA,NA,56.493,9.5613,"Flat","A","2 G",0.385,"G",1,NA,63,2023-05-24 13:59:00,2023-05-31 02:58:00,2.5333,2.5333,2.5333,2.5333,159.6,"Dynamic chamber","chamber","Dynamic chamber",NA,1.9958,0.038227,NA,7.0509,9.2201,12.41,15.701,18.257,19.637,20.756,NA,22.404,NA,7.0509,9.2201,12.41,15.701,18.257,19.637,20.756,NA,22.404,NA,0.13505,0.1766,0.2377,0.30072,0.34968,0.37612,0.39754,NA,0.42911,9,24,65,NA,NA,NA,0.19,NA,NA,5.2,1.03,"Yes","No",NA,17.2,16.55,13.85,11.733,11.122,10.793,11.195,11.69,11.69,2,NA,NA,NA,NA,NA,NA,NA,NA,NA,NA,NA,NA,NA,NA,NA,NA,NA,NA,NA,NA,NA,NA,NA,NA,NA,NA,NA,NA,NA,NA,NA,NA,1,1,1,1,1,1,1,1,1,NA,NA,NA,NA,NA,NA,NA,NA,NA,NA,NA,NA,NA,0,0,0,0,0,0,0,NA,0,NA,0,0,0,0,0,0,0,0,0,NA,NA,NA,NA,NA,NA,NA,NA,NA,NA,NA,"mix","Mix","mix of slurry co-digested with other agricultural residues",NA,"Slurry","None",NA,NA,NA,7.58,NA,4.16,2.27,NA,NA,NA,7.6,FALSE,2023-05-24,2023-05-24 13:59:00,1684936740,2023-05-31 05:30:00,1685511000,"bsth","bsth","Band spread or trailing hose",23,52.21,"none","None",NA,NA,NA,NA,NA,"cereal","Cereal",9,NA,NA,NA,NA,"E"
205,394,2351,2355,3,"MAG","23I",NA,"AU","DK","Pedersen, Johanna","../../data-submitted/03/AU/ALFAM2_template_7.0_MAGspring23_231117.xlsx",4405,4467,71,NA,NA,56.493,9.5613,"Flat","A","3 H",0.385,"H",1,NA,63,2023-05-24 14:07:00,2023-05-31 03:06:00,2.5333,2.5333,2.5333,2.5333,159.6,"Dynamic chamber","chamber","Dynamic chamber",NA,1.5267,0.034936,NA,5.6162,7.6154,11.002,14.636,17.725,19.345,20.564,NA,22.6,NA,5.6162,7.6154,11.002,14.636,17.725,19.345,20.564,NA,22.6,NA,0.12852,0.17427,0.25175,0.33492,0.40561,0.44268,0.47058,NA,0.51716,9,24,65,NA,NA,NA,0.19,NA,NA,5.2,1.03,"Yes","No",NA,17.2,16.55,13.85,11.733,11.083,10.768,11.132,11.638,11.638,2,NA,NA,NA,NA,NA,NA,NA,NA,NA,NA,NA,NA,NA,NA,NA,NA,NA,NA,NA,NA,NA,NA,NA,NA,NA,NA,NA,NA,NA,NA,NA,NA,1,1,1,1,1,1,1,1,1,NA,NA,NA,NA,NA,NA,NA,NA,NA,NA,NA,NA,NA,0,0,0,0,0,0,0,NA,0,NA,0,0,0,0,0,0,0,0,0,NA,NA,NA,NA,NA,NA,NA,NA,NA,NA,NA,"mix","Mix","mix of slurry co-digested with other agricultural residues",NA,"Slurry","None",NA,NA,NA,8.73,NA,3.62,1.9,NA,NA,NA,8.1,FALSE,2023-05-24,2023-05-24 14:07:00,1684937220,2023-05-31 05:38:00,1685511480,"bsth","bsth","Band spread or trailing hose",23,43.7,"none","None",NA,NA,NA,NA,NA,"cereal","Cereal",9,NA,NA,NA,NA,"E"
205,394,2352,2356,3,"MAG","23I",NA,"AU","DK","Pedersen, Johanna","../../data-submitted/03/AU/ALFAM2_template_7.0_MAGspring23_231117.xlsx",4468,4530,77,NA,NA,56.493,9.5613,"Flat","A","4 I",0.385,"I",1,NA,63,2023-05-24 14:15:00,2023-05-31 03:14:00,2.5333,2.5333,2.5333,2.5333,159.6,"Dynamic chamber","chamber","Dynamic chamber",NA,1.4516,0.027213,NA,5.4195,7.3933,10.694,14.275,17.491,19.057,20.158,NA,21.966,NA,5.4195,7.3933,10.694,14.275,17.491,19.057,20.158,NA,21.966,NA,0.1016,0.13861,0.2005,0.26763,0.32791,0.35727,0.37792,NA,0.41181,9,24,65,NA,NA,NA,0.19,NA,NA,5.2,1.03,"Yes","No",NA,17.2,16.55,13.85,11.8,11.083,10.846,11.192,11.67,11.67,2,NA,NA,NA,NA,NA,NA,NA,NA,NA,NA,NA,NA,NA,NA,NA,NA,NA,NA,NA,NA,NA,NA,NA,NA,NA,NA,NA,NA,NA,NA,NA,NA,1,1,1,1,1,1,1,1,1,NA,NA,NA,NA,NA,NA,NA,NA,NA,NA,NA,NA,NA,0,0,0,0,0,0,0,NA,0,NA,0,0,0,0,0,0,0,0,0,NA,NA,NA,NA,NA,NA,NA,NA,NA,NA,NA,"mix","Mix","mix of slurry co-digested with other agricultural residues",NA,"Slurry","None",NA,NA,NA,5.93,NA,4.53,2.54,NA,NA,NA,7.7,FALSE,2023-05-24,2023-05-24 14:15:00,1684937700,2023-05-31 05:46:00,1685511960,"bsth","bsth","Band spread or trailing hose",21,53.34,"none","None",NA,NA,NA,NA,NA,"cereal","Cereal",9,NA,NA,NA,NA,"E"
205,394,2353,2357,3,"MAG","23I",NA,"AU","DK","Pedersen, Johanna","../../data-submitted/03/AU/ALFAM2_template_7.0_MAGspring23_231117.xlsx",4531,4593,74,NA,NA,56.493,9.5613,"Flat","A","6 A",0.385,"A",1,NA,63,2023-05-24 14:31:00,2023-05-31 03:30:00,2.5333,2.5333,2.5333,2.5333,159.6,"Dynamic chamber","chamber","Dynamic chamber",NA,1.4283,0.029787,NA,5.1942,7.0426,10.467,14.686,17.999,19.473,20.482,NA,21.872,NA,5.1942,7.0426,10.467,14.686,17.999,19.473,20.482,NA,21.872,NA,0.10833,0.14687,0.21829,0.30627,0.37537,0.40612,0.42715,NA,0.45613,9,24,65,NA,NA,NA,0.19,NA,NA,5.2,1.03,"Yes","No",NA,17.1,16.5,13.4,11.689,11.078,10.8,11.176,11.657,11.657,2,NA,NA,NA,NA,NA,NA,NA,NA,NA,NA,NA,NA,NA,NA,NA,NA,NA,NA,NA,NA,NA,NA,NA,NA,NA,NA,NA,NA,NA,NA,NA,NA,1,1,1,1,1,1,1,1,1,NA,NA,NA,NA,NA,NA,NA,NA,NA,NA,NA,NA,NA,0,0,0,0,0,0,0,NA,0,NA,0,0,0,0,0,0,0,0,0,NA,NA,NA,NA,NA,NA,NA,NA,NA,NA,NA,"mix","Mix","mix of slurry co-digested with other agricultural residues",NA,"Slurry","None",NA,NA,NA,5.68,NA,3.03,1.37,NA,NA,NA,7.7,FALSE,2023-05-24,2023-05-24 14:31:00,1684938660,2023-05-31 06:02:00,1685512920,"bsth","bsth","Band spread or trailing hose",35,47.95,"none","None",NA,NA,NA,NA,NA,"cereal","Cereal",9,NA,NA,NA,NA,"E"
205,394,2354,2358,3,"MAG","23I",NA,"AU","DK","Pedersen, Johanna","../../data-submitted/03/AU/ALFAM2_template_7.0_MAGspring23_231117.xlsx",4594,4656,72,NA,NA,56.493,9.5613,"Flat","A","7 H",0.385,"H",2,NA,63,2023-05-24 14:39:00,2023-05-31 03:38:00,2.5333,2.5333,2.5333,2.5333,159.6,"Dynamic chamber","chamber","Dynamic chamber",NA,1.8205,0.041658,NA,6.3348,8.2541,11.399,14.744,17.282,18.532,19.318,NA,20.367,NA,6.3348,8.2541,11.399,14.744,17.282,18.532,19.318,NA,20.367,NA,0.14496,0.18888,0.26085,0.3374,0.39548,0.42408,0.44205,NA,0.46607,9,24,65,NA,NA,NA,0.19,NA,NA,5.2,1.03,"Yes","No",NA,17.1,16.5,13.4,11.689,11.022,10.764,11.146,11.629,11.629,2,NA,NA,NA,NA,NA,NA,NA,NA,NA,NA,NA,NA,NA,NA,NA,NA,NA,NA,NA,NA,NA,NA,NA,NA,NA,NA,NA,NA,NA,NA,NA,NA,1,1,1,1,1,1,1,1,1,NA,NA,NA,NA,NA,NA,NA,NA,NA,NA,NA,NA,NA,0,0,0,0,0,0,0,NA,0,NA,0,0,0,0,0,0,0,0,0,NA,NA,NA,NA,NA,NA,NA,NA,NA,NA,NA,"mix","Mix","mix of slurry co-digested with other agricultural residues",NA,"Slurry","None",NA,NA,NA,8.73,NA,3.62,1.9,NA,NA,NA,8.1,FALSE,2023-05-24,2023-05-24 14:39:00,1684939140,2023-05-31 06:10:00,1685513400,"bsth","bsth","Band spread or trailing hose",23,43.7,"none","None",NA,NA,NA,NA,NA,"cereal","Cereal",9,NA,NA,NA,NA,"E"
205,394,2355,2359,3,"MAG","23I",NA,"AU","DK","Pedersen, Johanna","../../data-submitted/03/AU/ALFAM2_template_7.0_MAGspring23_231117.xlsx",4657,4719,78,NA,NA,56.493,9.5613,"Flat","A","8 I",0.385,"I",2,NA,63,2023-05-24 14:47:00,2023-05-31 03:46:00,2.5333,2.5333,2.5333,2.5333,159.6,"Dynamic chamber","chamber","Dynamic chamber",NA,1.9687,0.036909,NA,6.7112,8.6049,11.609,15.027,18.098,19.586,20.703,NA,22.17,NA,6.7112,8.6049,11.609,15.027,18.098,19.586,20.703,NA,22.17,NA,0.12582,0.16132,0.21765,0.28173,0.33929,0.3672,0.38813,NA,0.41564,9,24,65,NA,NA,NA,0.19,NA,NA,5.2,1.03,"Yes","No",NA,17.1,16.5,13.4,11.767,11.072,10.839,11.203,11.679,11.679,2,NA,NA,NA,NA,NA,NA,NA,NA,NA,NA,NA,NA,NA,NA,NA,NA,NA,NA,NA,NA,NA,NA,NA,NA,NA,NA,NA,NA,NA,NA,NA,NA,1,1,1,1,1,1,1,1,1,NA,NA,NA,NA,NA,NA,NA,NA,NA,NA,NA,NA,NA,0,0,0,0,0,0,0,NA,0,NA,0,0,0,0,0,0,0,0,0,NA,NA,NA,NA,NA,NA,NA,NA,NA,NA,NA,"mix","Mix","mix of slurry co-digested with other agricultural residues",NA,"Slurry","None",NA,NA,NA,5.93,NA,4.53,2.54,NA,NA,NA,7.7,FALSE,2023-05-24,2023-05-24 14:47:00,1684939620,2023-05-31 06:18:00,1685513880,"bsth","bsth","Band spread or trailing hose",21,53.34,"none","None",NA,NA,NA,NA,NA,"cereal","Cereal",9,NA,NA,NA,NA,"E"
